provider,rep,team,last_referral,last_update,ffw
AFFECTRIX (MI),AFFECTRIX (MI),AFFECTRIX (MI),,,False
ALLENTOWN (PA),ALLENTOWN (PA),ALLENTOWN (PA),2022-11-28,,False
BRENT HINES DO/OSS,BULAT (M1-22-20),ROYLE (PHIL),2021-01-12,,False
BULAT (M1-22-20),BULAT (M1-22-20),ROYLE (PHIL),2023-10-12,,False
COREY TROXELL DO,BULAT (M1-22-20),ROYLE (PHIL),2021-09-20,,False
JULIE ADAMS PA-C,BULAT (M1-22-20),ROYLE (PHIL),2022-05-05,,False
LEONARD BERRY PA-C,BULAT (M1-22-20),ROYLE (PHIL),,,False
MARK PEREZOUS MD,BULAT (M1-22-20),ROYLE (PHIL),2021-07-26,,False
MICHAEL BERCIK MD,BULAT (M1-22-20),ROYLE (PHIL),2022-10-03,,False
MICHAEL CAMPBELL DO,BULAT (M1-22-20),ROYLE (PHIL),2022-08-24,,False
MICHAEL JONES DO,BULAT (M1-22-20),ROYLE (PHIL),2023-10-12,2022-03-09,False
SANJIV H NAIDU MD,BULAT (M1-22-20),ROYLE (PHIL),2022-05-05,,False
STEVEN M DELUCA DO/OIP,BULAT (M1-22-20),ROYLE (PHIL),2021-02-16,,False
WILLIAM ULMER DO/OSS,BULAT (M1-22-20),ROYLE (PHIL),2022-03-21,,False
AMY SCHLEIFER PA-C/DNA,CHAZ (M1-21),PITT,,,True
B NAVALGUND MD/DNA,CHAZ (M1-21),PITT,,,True
CLAYTON EVERLINE MD,CHAZ (M1-21),PITT,2023-04-27,,False
DAVID LICHTEN MD,CHAZ (M1-21),PITT,2021-09-14,,False
JAMES MACIELAK MD,CHAZ (M1-21),PITT,2021-08-31,,True
JEFFREY YUNG MD,CHAZ (M1-21),PITT,2020-11-03,,False
KELLY SAROCKY PA/PAINMED PC,CHAZ (M1-21),PITT,2020-07-09,,False
KIMBERLY JACOB NP/DNA,CHAZ (M1-21),PITT,,,True
LOUIS OLEGARIO MD/DNA,CHAZ (M1-21),PITT,2020-07-07,,True
UBERTI,CHAZ (M1-21),PITT,,,False
Y NAVALGUND MD/DNA,CHAZ (M1-21),PITT,2021-12-07,,True
COLORADO HUB,COLORADO (CO),COLORADO (CO),,,False
ANGELA DREWNIAK CRNP,CROSBY (M1-21-21),ROYLE (MD),2022-06-21,,False
ANTHONY VELOTT MD,CROSBY (M1-21-21),ROYLE (MD),2024-03-18,,False
BRITTANY SONES PA-C,CROSBY (M1-21-21),ROYLE (MD),2024-04-11,,False
CHRISTOPHER FORTHMAN MD,CROSBY (M1-21-21),ROYLE (MD),2025-11-12,,False
CLAYMON STEVENSON II DPM,CROSBY (M1-21-21),ROYLE (MD),2024-02-04,,False
CRAIG BENNETT MD,CROSBY (M1-21-21),ROYLE (MD),2026-02-10,,False
CROSBY (M1-21-21),CROSBY (M1-21-21),ROYLE (MD),2026-08-21,,False
ELAINA FAERBER PA-C,CROSBY (M1-21-21),ROYLE (MD),2024-07-10,,False
ELIZABETH FRIEDMANN MD,CROSBY (M1-21-21),ROYLE (MD),2024-01-09,,False
GOBINDVEER SAHI MD,CROSBY (M1-21-21),ROYLE (MD),2024-05-28,,False
GREGORY PURNELL MD,THAPA (M1-11-31) / HOUSE EAST (M1-21-0),ROYLE (PITT),2025-06-05,,False
HS PABLA MD,CROSBY (M1-21-21),ROYLE (MD),,,False
HUGO TORRES MD,CROSBY (M1-21-21),ROYLE (MD),2019-08-26,,False
INAI MKANDAWIRE DO,CROSBY (M1-21-21),ROYLE (MD),2026-03-04,,False
JAMES NACE DO,CROSBY (M1-21-21),ROYLE (MD),2025-05-23,,False
JANET CONWAY MD,CROSBY (M1-21-21),ROYLE (MD),2023-12-18,,False
JASHAN VALJEE DPM,CROSBY (M1-21-21),ROYLE (MD),2025-04-24,,False
JESSICA MILLER MD,CROSBY (M1-21-21),ROYLE (MD),2024-08-02,,False
JOHN-PAUL RUE MD,CROSBY (M1-21-21),ROYLE (MD),2026-04-29,,False
JON KOMAN MD,CROSBY (M1-21-21),ROYLE (MD),2026-04-27,,False
KEVIN CULBERT DO,CROSBY (M1-21-21),ROYLE (MD),2022-04-26,,False
KEVIN VIKEN PT DPT,CROSBY (M1-21-21),ROYLE (MD),2022-06-02,,False
MATTHEW SCHESSLER MD,CROSBY (M1-21-21),ROYLE (MD),2024-01-03,,False
NGOZI AKABUDIKE MD,CROSBY (M1-21-21),ROYLE (MD),2026-03-23,,False
NICK ZERVOS MD,CROSBY (M1-21-21),ROYLE (MD),2024-03-12,,False
ROBERT SALTZMAN MD,CROSBY (M1-21-21),ROYLE (MD),2023-10-26,,False
ROBERTO BRANDAO DPM,CROSBY (M1-21-21),ROYLE (MD),2022-09-28,,False
RONALD DELANOIS MD,CROSBY (M1-21-21),ROYLE (MD),2025-06-20,,False
SARAH MERRITT MD/LIFESTREAM,CROSBY (M1-21-21),ROYLE (MD),2023-12-12,,True
SCOTT SILVERSTEIN MD,CROSBY (M1-21-21),ROYLE (MD),2023-08-25,,False
TODD FEATHERS MD,CROSBY (M1-21-21),ROYLE (MD),2025-01-13,,False
VAJIRA GUNAWARDANE MD,CROSBY (M1-21-21),ROYLE (MD),2024-03-26,,False
YVONNE STEPHENSON CRNP,CROSBY (M1-21-21),ROYLE (MD),2022-07-26,,False
ADAM SACKSTEIN MD,THAPA (M1-11-31) / HOUSE EAST (M1-21-0),ROYLE (PITT),2023-05-31,,False
ADAM TEICHMAN MD,HOUSE EAST (M1-21-0),PITT,2024-05-29,,False
AIDEN SOROKO PT,HOUSE EAST (M1-21-0),PITT,2021-09-13,,False
AIMEE FONG PA-C,HOUSE EAST (M1-21-0),PITT,2022-10-25,,False
AJ RASTOGI MD,HOUSE EAST (M1-21-0),PITT,2023-10-23,,False
ALAN S HILLBRAND MD,HOUSE EAST (M1-21-0),PITT,2023-04-11,,False
ALEXANDER OBORO CRNP,HOUSE EAST (M1-21-0),PITT,2020-09-29,,False
ALI ALBERT ANAIM MD,LIPUT (M1-21-08),ROYLE (PA),2026-02-09,,False
ALYSSA PICCILLO DPM,HOUSE EAST (M1-21-0),PITT,2020-07-27,,False
AMBER DULL PTA/CEES,HOUSE EAST (M1-21-0),PITT,2022-06-22,,False
AMY SCHNEIDER-LYALL DO,LIPUT (M1-21-08),ROYLE (PA),2026-08-19,,False
AMY TRAMMELL MD,LIPUT (M1-21-08),ROYLE (PA),2026-02-10,,False
ANDRE PAGLIARO MD,HOUSE EAST (M1-21-0),PITT,2023-10-05,,False
ANDREW FRANKEL MD,HOUSE EAST (M1-21-0),PITT,,,False
ANDREW GRANDO DPT,HOUSE EAST (M1-21-0),PITT,2022-11-03,,False
ANDREW LEO MD,HOUSE EAST (M1-21-0),PITT,2022-11-09,,False
ANULI MKPARU MD,LIPUT (M1-21-08),ROYLE (PA),2026-02-25,,False
ARMANDO MENDEZ MD,HOUSE EAST (M1-21-0),PITT,2025-03-12,,False
ARON GREEN MD,HOUSE EAST (M1-21-0),PITT,2023-04-03,,False
ASHLEY ANDERSON MD,HOUSE EAST (M1-21-0),PITT,2020-01-10,,False
ASIF ILYAS MD,LIPUT (M1-21-08),ROYLE (PA),2026-08-10,,False
AUSTIN MUETTERTIES PT,HOUSE EAST (M1-21-0),PITT,2022-09-22,,False
BARBARA ENNIS DPT,HOUSE EAST (M1-21-0),PITT,2022-03-30,,False
BARRY RUHT MD *,LIPUT (M1-21-08),ROYLE (PA),2025-10-27,,True
BARRY SNYDER MD,HOUSE EAST (M1-21-0),PITT,2022-11-08,,False
BENJAMIN KAPLAN MD *,LIPUT (M1-21-08),ROYLE (PA),2026-08-03,,True
BIANCA CALDERONE DPT,HOUSE EAST (M1-21-0),PITT,,,False
BRENDEN UHLL DPT,HOUSE EAST (M1-21-0),PITT,2023-07-10,,False
BRENNA WESTCOTT PT,HOUSE EAST (M1-21-0),PITT,2021-07-30,,False
BRETT MCELROY PT,HOUSE EAST (M1-21-0),PITT,2022-02-09,,False
BRETT PETERS DPT,HOUSE EAST (M1-21-0),PITT,2021-02-22,,False
BRETT SCHILLER DPT,HOUSE EAST (M1-21-0),PITT,2022-08-02,2022-03-31,False
CALLISTA MORRIS MD,LIPUT (M1-21-08),ROYLE (PA),2026-01-06,,False
CALVIN STOUDT DO,HOUSE EAST (M1-21-0),PITT,2021-07-15,,False
CARMEN CHENG PA-C,HOUSE EAST (M1-21-0),PITT,2023-07-18,,False
CASSIDY JAMESON PT,HOUSE EAST (M1-21-0),PITT,2023-09-07,,False
CATHY TANG MD,HOUSE EAST (M1-21-0),PITT,2022-03-18,2022-03-18,False
CHAD RUTTER DO,HOUSE EAST (M1-21-0),PITT,2020-08-03,,False
CHARLES ALLEN OT,HOUSE EAST (M1-21-0),PITT,2023-10-18,,False
CHARLES ODGERS MD,HOUSE EAST (M1-21-0),PITT,2020-09-28,,False
CHRISTIAN HALL MD,HOUSE EAST (M1-21-0),PITT,2020-10-01,,False
CHRISTOPHER M ALAND MD,HOUSE EAST (M1-21-0),PITT,2023-08-24,,False
CHRISTY FOLEY DPT,HOUSE EAST (M1-21-0),PITT,2022-01-31,,False
COLE A TIDEMANN PT DPT,HOUSE EAST (M1-21-0),PITT,2022-04-18,,False
COREY HIGGINS DPT,HOUSE EAST (M1-21-0),PITT,2021-06-23,,False
CURTIS GOLTZ DO/OIP,HOUSE EAST (M1-21-0),PITT,2020-09-04,,False
DANIEL J FUCHS MD,HOUSE EAST (M1-21-0),PITT,2022-09-02,,False
DANIEL PICCILLO DC,HOUSE EAST (M1-21-0),PITT,2022-02-09,,False
DANIEL TORRES MD,HOUSE EAST (M1-21-0),PITT,2025-02-26,,False
DANIEL WILLIAMS JOHNSON III DPT,HOUSE EAST (M1-21-0),PITT,2021-04-13,,False
DAVID DICKERSON MD,HOUSE EAST (M1-21-0),PITT,2022-11-23,,False
DAVID EINGORN MD,HOUSE EAST (M1-21-0),PITT,2023-08-04,,False
DAVID GRANGER MD/OSS,HOUSE EAST (M1-21-0),PITT,,,False
DAVID HALEY DPM,HOUSE EAST (M1-21-0),PITT,2024-06-19,,False
DAVID TAINTER MD,HOUSE EAST (M1-21-0),PITT,2022-10-17,,False
DEAN W TREVLYN MD,LIPUT (M1-21-08),ROYLE (PA),2026-03-12,,False
DENNIS IVILL MD *,HOUSE EAST (M1-21-0),PITT,,,True
DYLAN THORNE DPT,HOUSE EAST (M1-21-0),PITT,2022-05-12,2022-05-13,False
EDELSCHEIN (M1-22-29),HOUSE EAST (M1-21-0),PITT,2025-06-17,,False
EDWARD ARMBRUSTER DO,HOUSE EAST (M1-21-0),PITT,2023-05-01,,False
ELIZABETH BROOKS DPM,HOUSE EAST (M1-21-0),PITT,2024-03-12,,False
ELIZABETH DONALDSON PA-C,HOUSE EAST (M1-21-0),PITT,2023-03-28,,False
ELZA TYSHKO DPM,HOUSE EAST (M1-21-0),PITT,2023-12-19,,False
EMILA DANILOWICZ PT DPT,HOUSE EAST (M1-21-0),PITT,2023-08-25,,False
EMMA GOLDMAN PA-C,HOUSE EAST (M1-21-0),PITT,2021-11-17,,False
ERIC JACKSON DO/OSS,HOUSE EAST (M1-21-0),PITT,2021-07-16,,False
ERIC RATNER MD,HOUSE EAST (M1-21-0),PITT,2020-07-14,,False
ESTHER VOYNOW PA-C (NR),HOUSE EAST (M1-21-0),PITT,2022-08-16,,False
EVAN BASH MD,HOUSE EAST (M1-21-0),PITT,,,False
EVAN CONTE MD,HOUSE EAST (M1-21-0),PITT,2023-09-25,,False
FARZAD KARKVANDEIN DO,HOUSE EAST (M1-21-0),PITT,2022-03-01,,False
FREDRIC KLEINBART MD,HOUSE EAST (M1-21-0),PITT,2022-10-03,,False
GARETT HELBER DO,LIPUT (M1-21-08),ROYLE (PA),2026-04-17,,False
GARY BUCK MD,HOUSE EAST (M1-21-0),PITT,2021-10-22,,False
GEOR STOLLSTEIMER MD,HOUSE EAST (M1-21-0),PITT,2021-12-29,,False
GEORGE DONAVOS NP/OSS,HOUSE EAST (M1-21-0),PITT,2019-05-30,,False
GERALD DUFOUR PT,HOUSE EAST (M1-21-0),PITT,2021-08-11,,False
GREGORY CARROLL PT,HOUSE EAST (M1-21-0),PITT,2022-04-21,,False
GREGORY NEALIS DPT,HOUSE EAST (M1-21-0),PITT,2021-05-04,,False
GREGORY O'CONNOR DPT,HOUSE EAST (M1-21-0),PITT,2022-12-08,,False
HALEY STEVENSON DPT,HOUSE EAST (M1-21-0),PITT,2022-01-31,,False
HEATH FINNEY,HOUSE EAST (M1-21-0),PITT,2021-07-06,,False
HEATHER GAVIN CRNP,HOUSE EAST (M1-21-0),PITT,2020-09-11,,False
HEIDI WESTON MD,HOUSE EAST (M1-21-0),PITT,2022-06-09,,False
IAN DAVID KAYE MD,HOUSE EAST (M1-21-0),PITT,2023-08-29,,False
IRA MANALO PT DPT,HOUSE EAST (M1-21-0),PITT,2021-05-26,,False
JACOB ROBINSON DPT,HOUSE EAST (M1-21-0),PITT,2021-06-16,,False
JAMES FULGINITI PA-C,HOUSE EAST (M1-21-0),PITT,2020-02-04,,False
JAMES J SEYKOT PT,HOUSE EAST (M1-21-0),PITT,2022-01-19,,False
JAMES MATTUCCI MD,HOUSE EAST (M1-21-0),PITT,2020-09-28,,False
JAMES MCHALE DC,HOUSE EAST (M1-21-0),PITT,2021-06-17,,False
JAMES PACI MD,HOUSE EAST (M1-21-0),PITT,2023-02-27,,False
JAMES SMITH DPT,HOUSE EAST (M1-21-0),PITT,2023-01-05,,False
JAMES TWEEDY JR DO,HOUSE EAST (M1-21-0),PITT,2021-07-08,,False
JAMES YOUNG DPT,HOUSE EAST (M1-21-0),PITT,2020-11-11,,False
JARROD TELLER BS,HOUSE EAST (M1-21-0),PITT,2020-07-06,,False
JASON MILLER DPM,LIPUT (M1-21-08),ROYLE (PA),2026-05-18,,False
JAY RAJU DPT,HOUSE EAST (M1-21-0),PITT,2022-05-17,,False
JEFFREY CONLY MD,HOUSE EAST (M1-21-0),PITT,2020-05-15,,False
JEFFREY GEHRET DO,SCHNEIDER (M1-11-3),ROYLE (PITT),2026-05-13,,False
JEFFREY MALUMED MD,HOUSE EAST (M1-21-0),PITT,2024-07-19,,False
JEFFREY MOGERMAN MD,HOUSE EAST (M1-21-0),PITT,2021-04-29,,False
JEFFREY MURRAY DO,HOUSE EAST (M1-21-0),PITT,2021-04-27,,False
JEFFREY RITTENHOUSE,HOUSE EAST (M1-21-0),PITT,2020-06-02,,False
JENNIFER SCHIEFER PT,HOUSE EAST (M1-21-0),PITT,2023-05-02,,False
JESSE BORYS DPM,HOUSE EAST (M1-21-0),PITT,2024-01-09,,False
JESSE WELTER DO/OSS,HOUSE EAST (M1-21-0),PITT,,,False
JESSICA BECK (MURRIN) PT,HOUSE EAST (M1-21-0),PITT,2022-10-10,,False
JESSICA DIGENNARO DPT,HOUSE EAST (M1-21-0),PITT,2023-01-24,,False
JIM MAXKA DPM,HOUSE EAST (M1-21-0),PITT,2020-08-04,,False
JOHN DIETCH MD,HOUSE EAST (M1-21-0),PITT,2020-05-12,,False
JOHN P MANTA MD,HOUSE EAST (M1-21-0),PITT,2023-04-25,,False
JOHN REYNOLDS MD,HOUSE EAST (M1-21-0),PITT,2022-11-15,,False
JOHN SZOSTEK DC,HOUSE EAST (M1-21-0),PITT,2021-05-06,,False
JON HERNANDEZ MD,HOUSE EAST (M1-21-0),PITT,2024-05-28,,False
JONATHAN KRITZ DPT,HOUSE EAST (M1-21-0),PITT,2022-06-10,,False
JOSE CANSECO MD,HOUSE EAST (M1-21-0),PITT,,,False
JOSEPH ALHADEFF MD/OSS,HOUSE EAST (M1-21-0),PITT,2020-06-04,,False
JOSEPH MARTIN DPT,HOUSE EAST (M1-21-0),PITT,2023-09-22,,False
JOSEPH MILLER PT,HOUSE EAST (M1-21-0),PITT,2020-06-16,,False
JOSEPH SEWARDS MD,HOUSE EAST (M1-21-0),PITT,2021-11-09,,False
JOSHUA HORNSTEIN MD,HOUSE EAST (M1-21-0),PITT,2023-06-30,,False
JULIA BREWER PT,HOUSE EAST (M1-21-0),PITT,2023-01-03,,False
JULIANNE FUSCO DPT,HOUSE EAST (M1-21-0),PITT,2021-03-16,,False
JUSTIN HUFF DPT,HOUSE EAST (M1-21-0),PITT,2021-02-15,,False
JUSTIN MIRZA DO,HOUSE EAST (M1-21-0),PITT,2023-10-06,,False
KAITLYN HEINE PT,HOUSE EAST (M1-21-0),PITT,2023-01-18,,False
KATHLEEN BEATTY CRNP,HOUSE EAST (M1-21-0),PITT,,,False
KATTYA PALACIOS DPT,HOUSE EAST (M1-21-0),PITT,,,False
KELLIE SHOVLIN CRNP/OSS,HOUSE EAST (M1-21-0),PITT,2023-03-20,,False
KELLY KUZMINSKI PT DPT,HOUSE EAST (M1-21-0),PITT,2020-05-19,,False
KELLY MURRAY MD,HOUSE EAST (M1-21-0),PITT,,,False
KENNETH KEARNS MD,LIPUT (M1-21-08),ROYLE (PA),2026-02-19,,False
KERRI PETZAR DPT,HOUSE EAST (M1-21-0),PITT,2022-10-13,,False
KEVIN DEANGELIS DPM,SCHNEIDER (M1-11-3),ROYLE (PITT),2026-05-20,,False
KEVIN FREEDMAN MD,HOUSE EAST (M1-21-0),PITT,2021-03-19,,False
KIERAN SLEVIN MD,LIPUT (M1-21-08),ROYLE (PA),2026-04-09,,False
KIM WYAND PT DPT,HOUSE EAST (M1-21-0),PITT,2021-05-06,,False
KIMBERLY LANCASTER OT,HOUSE EAST (M1-21-0),PITT,,,False
KRISTIN MILLER DPT,HOUSE EAST (M1-21-0),PITT,,2022-05-19,False
KRISTIN REICHARD DPT,HOUSE EAST (M1-21-0),PITT,2021-05-20,,False
KYLE LANCE PT DPT,HOUSE EAST (M1-21-0),PITT,2021-05-26,,False
LEE OSTERMAN MD,LIPUT (M1-21-08),ROYLE (PA),2026-05-15,,False
LINDSEY MANERA DPT,HOUSE EAST (M1-21-0),PITT,2022-03-25,,False
LISA D'ARCY PT,HOUSE EAST (M1-21-0),PITT,,,False
LISA DUCKER DO,HOUSE EAST (M1-21-0),PITT,2021-10-27,,False
LONDON MCKENNA CRNP,JANERICH (M1-22-1),ROYLE (PA),2026-08-14,,False
MADELINE MCHALE DPT,HOUSE EAST (M1-21-0),PITT,2022-05-04,,False
MANDY MANEVAL MD,HOUSE EAST (M1-21-0),PITT,2020-11-30,,False
MARC OLIVERI DO,HOUSE EAST (M1-21-0),PITT,2020-11-18,,False
MARGARET STROZ MD,HOUSE EAST (M1-21-0),PITT,2022-06-10,,False
MARIAH CIGLER DPT,HOUSE EAST (M1-21-0),PITT,2023-04-07,,False
MARISSA HARRIGAN PT DPT,HOUSE EAST (M1-21-0),PITT,2021-04-20,,False
MARK AVART DO,HOUSE EAST (M1-21-0),PITT,2022-04-25,,False
MARK DESMOND MD,HOUSE EAST (M1-21-0),PITT,2021-10-21,,False
MARK PAISTE DO,HOUSE EAST (M1-21-0),PITT,2024-05-03,,False
MARK SMITH PT,HOUSE EAST (M1-21-0),PITT,2020-07-27,,False
MATHEW ABRAHAM MD,HOUSE EAST (M1-21-0),PITT,2022-11-14,,False
MATTHEW CHRISTIAN MD/OSS,LIPUT (M1-21-08),ROYLE (PA),2026-08-03,,False
MATTHEW MILLER PA-C,HOUSE EAST (M1-21-0),PITT,2020-08-26,,False
MATTHEW REMENTER DPM,HOUSE EAST (M1-21-0),PITT,2021-07-13,,False
MATTHEW ROBINSON PT,HOUSE EAST (M1-21-0),PITT,2023-01-11,,False
MEGAN SMITH PT DPT,HOUSE EAST (M1-21-0),PITT,2023-04-13,,False
MICHAEL B FURMAN MD/OSS,HOUSE EAST (M1-21-0),PITT,2020-11-13,,False
MICHAEL CICCOTTI MD,HOUSE EAST (M1-21-0),PITT,2023-07-21,,False
MICHAEL DUCH MD,HOUSE EAST (M1-21-0),PITT,2021-11-19,,False
MICHAEL GIULIANI DPT,HOUSE EAST (M1-21-0),PITT,2021-01-29,,False
MICHAEL MESSINA MD,JANERICH (M1-22-1) / SCHNEIDER (M1-11-3),ROYLE (PA),2026-08-26,,False
MICHAEL PRINCIPE DO,HOUSE EAST (M1-21-0),PITT,2022-11-02,,False
MICHAEL ROBATIN MSN CRNP,HOUSE EAST (M1-21-0),PITT,2020-09-23,,False
MICHAEL ROWLEY DPT,HOUSE EAST (M1-21-0),PITT,2023-02-16,,False
MICHAEL SCHAEFFER DPM,HOUSE EAST (M1-21-0),PITT,2020-07-09,,False
MICHAEL SCHINA MD,HOUSE EAST (M1-21-0),PITT,2020-07-06,,False
MICHAEL SCHLUDE PT MPT MDT,HOUSE EAST (M1-21-0),PITT,2021-02-08,,False
NANCIE FITCH DO,HOUSE EAST (M1-21-0),PITT,2020-12-07,,False
NATHAN TIEDEKEN MD,HOUSE EAST (M1-21-0),PITT,2021-08-24,,False
NEIL BOYLE PT DPT,HOUSE EAST (M1-21-0),PITT,2022-02-17,,False
NEIL SHETH MD,HOUSE EAST (M1-21-0),PITT,2023-12-01,,False
NICHOLAS BARBIERI DPT,HOUSE EAST (M1-21-0),PITT,2022-03-29,,False
NICHOLAS MAGGIO DPT,HOUSE EAST (M1-21-0),PITT,2021-05-03,,False
NICHOLAS PHILLIPS DO,HOUSE EAST (M1-21-0),PITT,2022-12-22,,False
NICHOLAS QUERCETTI DO,HOUSE EAST (M1-21-0),PITT,2022-10-25,,False
NIKITA BILGI PT,HOUSE EAST (M1-21-0),PITT,2022-05-04,,False
NIKOS PAVLIDES MD,HOUSE EAST (M1-21-0),PITT,2021-03-17,,False
PATRICIA MEYERS OT,HOUSE EAST (M1-21-0),PITT,,,False
PAUL HORENSTEIN MD,LIPUT (M1-21-08),ROYLE (PA),2026-06-23,,False
PAUL QUINN DC,HOUSE EAST (M1-21-0),PITT,2021-06-07,,False
PERRY STERMER DPT,HOUSE EAST (M1-21-0),PITT,2021-03-24,,False
PHILIP MOTLEY MD,LIPUT (M1-21-08),ROYLE (PA),2026-08-25,,False
PHILLIP IACCARINO DPT,HOUSE EAST (M1-21-0),PITT,2023-03-15,,False
PRISCILLA CAVANAUGH MD,HOUSE EAST (M1-21-0),PITT,2024-10-10,,False
RANDALL N SMITH MD *,LIPUT (M1-21-08),ROYLE (PA),2026-08-03,,True
RANJAN SACHDEV MD,HOUSE EAST (M1-21-0),PITT,2024-06-17,,False
RAYMOND JOHNSON MPT,HOUSE EAST (M1-21-0),PITT,2021-05-13,,False
RICHARD CAUTILLI JR MD,HOUSE EAST (M1-21-0),PITT,2024-03-01,,False
RICHARD WALSH PT DPT,HOUSE EAST (M1-21-0),PITT,2023-04-10,,False
RICHARD YOON MD,HOUSE EAST (M1-21-0),PITT,2022-11-23,,False
RICHARD ZAMARIN MD,LIPUT (M1-21-08),ROYLE (PA),2026-02-27,,False
RIVER ELLIOTT MD/OSS,HOUSE EAST (M1-21-0),PITT,2019-08-22,,False
ROBERT FITZGERALD PT,HOUSE EAST (M1-21-0),PITT,2022-11-16,,False
ROBERT RUGGIERO JR MD,SCHNEIDER (M1-11-3),ROYLE (PITT),2026-08-25,,False
RONALD LAKATOS MD,HOUSE EAST (M1-21-0),PITT,2021-09-22,,False
RUHBAAN ZUBAIR DPT,HOUSE EAST (M1-21-0),PITT,2023-04-11,,False
RYAN BUNYARATAPAN DPT,HOUSE EAST (M1-21-0),PITT,2021-08-26,,False
RYAN CORDELL PT,HOUSE EAST (M1-21-0),PITT,2022-10-20,,False
RYAN MCGLENSEY PT,HOUSE EAST (M1-21-0),PITT,2022-04-19,,False
SABRINA BARBIERI DPT,HOUSE EAST (M1-21-0),PITT,2022-11-30,,False
SAHBA OBOUDIYAT DO,HOUSE EAST (M1-21-0),PITT,2023-11-13,,False
SAMANTHA BOST PT DPT,HOUSE EAST (M1-21-0),PITT,2021-06-24,,False
SARA LOW MD,LIPUT (M1-21-08),ROYLE (PA),2026-07-22,,False
SCOTT KING DO/OSS,HOUSE EAST (M1-21-0),PITT,2021-08-17,,False
SCOTT PELLO MD,HOUSE EAST (M1-21-0),PITT,2021-04-23,,False
SERGIO PULIDO DO,HOUSE EAST (M1-21-0),PITT,2023-11-02,,False
SHARON ANGHEL MD,HOUSE EAST (M1-21-0),PITT,,,False
SHAUNA THOMAS PT,HOUSE EAST (M1-21-0),PITT,,,False
SHERRY JOSE MD,LIPUT (M1-21-08),ROYLE (PA),2026-06-12,,False
SIERRA PADFIELD DPT,HOUSE EAST (M1-21-0),PITT,2022-04-27,,False
SOMMER HAMMOUD MD,HOUSE EAST (M1-21-0),PITT,2020-08-25,,False
STEPHEN CAPUANO DC,HOUSE EAST (M1-21-0),PITT,2022-01-28,,False
STEPHEN CLEMENT PT,HOUSE EAST (M1-21-0),PITT,2023-09-12,,False
STEVEN BARON PT DPT,HOUSE EAST (M1-21-0),PITT,2024-07-19,,False
SUNIL CHANDY MD,HOUSE EAST (M1-21-0),PITT,2022-02-16,,False
SURENA NAMDARI MD,HOUSE EAST (M1-21-0),PITT,2022-11-02,,False
TAKAHISA TAKEI MD,HOUSE EAST (M1-21-0),PITT,2024-03-22,,False
TANNER REED DPT,HOUSE EAST (M1-21-0),PITT,2021-08-24,,False
THOMAS HALEY DO,HOUSE EAST (M1-21-0),PITT,2022-04-01,,False
THOMAS P OBADE MD,HOUSE EAST (M1-21-0),PITT,2023-12-08,,False
TIMOTHY SKRAITZ DC,HOUSE EAST (M1-21-0),PITT,2021-04-14,,False
TODD CURRAN DO,HOUSE EAST (M1-21-0),PITT,2021-08-12,,False
TODD MITCHELL PT,HOUSE EAST (M1-21-0),PITT,2022-09-26,,False
TONY VANETESSE DO,HOUSE EAST (M1-21-0),PITT,2021-06-03,,False
TRAVIS HOMAN PA,HOUSE EAST (M1-21-0),PITT,2022-07-22,,False
TYLER AUSTIN DPM,HOUSE EAST (M1-21-0),PITT,2024-12-16,,False
VINCENT AVALLONE JR DO,HOUSE EAST (M1-21-0),PITT,2021-01-18,,False
VINCENT BATTISTA MD (OAL),HOUSE EAST (M1-21-0),PITT,2024-12-12,,False
VINH NGUYEN MD,HOUSE EAST (M1-21-0),PITT,2023-04-12,,False
VIPUL SHARMA MD,HOUSE EAST (M1-21-0),PITT,2021-04-30,,False
WILLIAM CHARLTON MD,HOUSE EAST (M1-21-0),PITT,,,False
WILLIAM EMPER MD,HOUSE EAST (M1-21-0),PITT,,,False
WILLIAM JENSEN PA-C,HOUSE EAST (M1-21-0),PITT,2023-07-10,,False
WILLIAM SHELTON MD,HOUSE EAST (M1-21-0),PITT,,,False
YOUSSEF KABBANI DPM,LIPUT (M1-21-08),ROYLE (PA),2025-10-02,,False
ZACHARY MIRONOV DPM,HOUSE EAST (M1-21-0),PITT,2023-09-22,,False
ERIC DAVIS (PITT),ERIC DAVIS (PITT),#N/A,,,False
ANDREA DRAPER PA-C,LOPICCOLO (M1-11-69) / HOUSE EAST (M1-21-0),ROYLE (PITT),2025-03-14,,False
ANDRIA HAHN PT,THAPA (M1-11-31) / HOUSE EAST (M1-21-0),ROYLE (PITT),2026-03-04,,False
ARNOLD WIGLE MD,THAPA (M1-11-31) / HOUSE EAST (M1-21-0),ROYLE (PITT),2024-08-26,,False
FRANCO (M1-11-6),FRANCO (M1-11-6),ROYLE (PA),2025-08-29,,False
JOHN LEHMAN MD *,THAPA (M1-11-31),ROYLE (PA),2026-07-28,,True
KAYLA PROKOPAKIS-CAMPBELL DO,LOPICCOLO (M1-11-69) / HOUSE EAST (M1-21-0),ROYLE (PITT),2026-05-08,,False
MARK WILSON PA-C (AHN),LOPICCOLO (M1-11-69) / HOUSE EAST (M1-21-0),ROYLE (PITT),2024-07-24,,False
SHANNON MEREDITH DPM,LIPUT (M1-21-08) / HOUSE EAST (M1-21-0),ROYLE (PITT),2025-02-18,,False
SHASHANK MUSKU MD (AHN),LOPICCOLO (M1-11-69) / HOUSE EAST (M1-21-0),ROYLE (PITT),2026-08-26,,False
TODD FRANCO DO (AHN) *,HOUSE EAST (M1-21-0),PITT,2026-05-20,,True
ALEX SEKIRIN MPT,FRANZONE (M1-11-39),ROYLE (NJ),2024-04-02,,False
EDWARD NOVIK MD,FRANZONE (M1-11-39),ROYLE (NJ),2024-04-16,,False
FRANZONE (M1-11-39),FRANZONE (M1-11-39),ROYLE (NJ),2024-04-16,,False
JASON GALANTE DPM,FRANZONE (M1-11-39),ROYLE (NJ),2024-03-26,,False
JASON SEDGWICK DPM,FRANZONE (M1-11-39),ROYLE (NJ),2024-03-26,,False
MAGED BOUTROS MD,FRANZONE (M1-11-39),ROYLE (NJ),2024-04-02,,False
ALLISON GRIEVE,HOUSE WEST (M1-21-2),MICH,2023-04-04,,False
AMELIA ROSE PIETRACCINI PA-C,HOUSE WEST (M1-21-2),MICH,2021-06-23,,False
AMY KONIECZNY PT,HOUSE WEST (M1-21-2),MICH,2021-01-29,,False
AMY SANDUSKY PAC,HOUSE WEST (M1-21-2),MICH,2021-12-09,,False
ANA P GROESCHEL MD,HOUSE WEST (M1-21-2),MICH,2022-11-09,,False
ANDREW PARKER MD,HOUSE WEST (M1-21-2),MICH,2021-12-22,,False
ANKURPREET GILL DPM,HOUSE WEST (M1-21-2),MICH,2024-03-20,,False
BILL EPPICH PT DPT,HOUSE WEST (M1-21-2),MICH,2024-01-24,,False
BLAKE HINES DPM,HOUSE WEST (M1-21-2),MICH,2022-09-28,,False
BRIAN OASE DPM,HOUSE WEST (M1-21-2),MICH,2026-03-18,,False
BRIAN ROZANSKI DPM,HOUSE WEST (M1-21-2),MICH,2023-12-29,,False
BRITTANY PALISH DPT,HOUSE WEST (M1-21-2),MICH,2021-02-05,,False
BRYAN LOEFFLER MD,HOUSE WEST (M1-21-2),MICH,2021-05-04,,False
CARISSA SALES PA-C,HOUSE WEST (M1-21-2),MICH,2025-05-23,,False
CARLY KIBLER PA-C,HOUSE WEST (M1-21-2),MICH,2023-01-31,,False
CARRIE A COOPER PT MSPT,HOUSE WEST (M1-21-2),MICH,2021-09-09,,False
CHARLES DANIEL DPM,HOUSE WEST (M1-21-2),MICH,2024-06-25,,False
CHARLES GOTTLOB MD,HOUSE WEST (M1-21-2),MICH,2022-09-23,,False
CHARLIE YANG MD,HOUSE WEST (M1-21-2),MICH,2022-01-24,,False
CHRISTOPHER HUSER MD,HOUSE WEST (M1-21-2),MICH,2024-06-03,,False
CRAIG DAVIS MD,HOUSE WEST (M1-21-2),MICH,2026-08-26,,False
DANA WALKER MD,HOUSE WEST (M1-21-2),MICH,2022-07-05,,False
DANIEL CLYMER DPM,HOUSE WEST (M1-21-2),MICH,2025-08-28,,False
DANIEL MILLER MD,HOUSE WEST (M1-21-2),MICH,2024-02-09,,False
DONNA HAYES DPM,HOUSE WEST (M1-21-2),MICH,2023-03-30,,False
DOUGLAS BRADLEY MD,HOUSE WEST (M1-21-2),MICH,2025-03-07,,False
DUSTIN ANDERSON MD,HOUSE WEST (M1-21-2),MICH,2022-02-22,,False
EDWARD SZUSZCZEWICZ MD,HOUSE WEST (M1-21-2),MICH,2022-11-02,,False
ERIC MCCARTY MD,HOUSE WEST (M1-21-2),MICH,2022-10-06,,False
GLORIA BEIM MD,HOUSE WEST (M1-21-2),MICH,2022-04-06,,False
GRETCHEN BRUNWORTH MD,HOUSE WEST (M1-21-2),MICH,2021-11-04,,False
IAN BARRON DPM,HOUSE WEST (M1-21-2),MICH,2023-10-13,,False
JARED LEE MD,HOUSE WEST (M1-21-2),MICH,2021-05-18,,False
JARED WHITE DO,HOUSE WEST (M1-21-2),MICH,2022-03-01,,False
JEFF PERRINE NP,HOUSE WEST (M1-21-2),MICH,2022-09-23,,False
JEFFREY D HARRISON MD,HOUSE WEST (M1-21-2),MICH,2021-01-27,,False
JOE GEORGE DPM,CHRISTENSEN (M1-19-20),ZARNDT (IL),2026-07-09,,False
JOEL MATTA MD,HOUSE WEST (M1-21-2),MICH,2022-12-27,,False
JOHN PAPILION MD,HOUSE WEST (M1-21-2),MICH,2020-02-20,,False
JOHN SCHWAPPACH MD,HOUSE WEST (M1-21-2),MICH,2026-08-10,,False
JORDAN BEAN DPM,HOUSE WEST (M1-21-2),MICH,2023-11-27,,False
JOSEPH HSIN MD,HOUSE WEST (M1-21-2),MICH,2024-01-09,,False
JOSEPH RUZBARSKY MD/STEADMAN,HOUSE WEST (M1-21-2),MICH,2026-04-28,,False
JOSEPH WILKINSON DPM,HOUSE WEST (M1-21-2),MICH,2021-03-17,,False
JOSHUA WENDLING PA-C,HOUSE WEST (M1-21-2),MICH,2022-10-14,,False
JULIA STOCK PA,HOUSE WEST (M1-21-2),MICH,2023-01-03,,False
JUSTIN RICE PT,HOUSE WEST (M1-21-2),MICH,2022-02-01,,False
KARENTHEA ROUW DPM,HOUSE WEST (M1-21-2),MICH,2023-02-13,,False
KATHY OKAMATSU FNP,HOUSE WEST (M1-21-2),MICH,2021-05-10,,False
KAYSE LAKE DPM,HOUSE WEST (M1-21-2),MICH,2021-10-01,,False
KEVIN HOLMES DPT,HOUSE WEST (M1-21-2),MICH,2020-06-18,,False
KYLE PRIMEAU DPT,HOUSE WEST (M1-21-2),MICH,2024-01-17,,False
LONG VU DO,HOUSE WEST (M1-21-2),MICH,2021-12-27,,False
LORI ROSSI MD,HOUSE WEST (M1-21-2),MICH,2025-03-28,,False
LUC BIBEAU DPM,HOUSE WEST (M1-21-2),MICH,2024-05-21,,False
MARK PURNELL MD,HOUSE WEST (M1-21-2),MICH,2025-02-13,,False
MARK WILLIAMS DO,HOUSE WEST (M1-21-2),MICH,2021-12-30,,False
HAZARD (M1-85-10),HOUSE WEST (M1-21-2),MICH,2025-06-26,,False
MELISSA GORMAN MD,HOUSE WEST (M1-21-2),MICH,2020-02-14,,False
MICHAEL J ZYZDA DPM,HOUSE WEST (M1-21-2),MICH,2026-03-26,,False
MICHAEL PETE PA-C,HOUSE WEST (M1-21-2),MICH,2021-06-23,,False
MICHELLE NENTWIG MD,HOUSE WEST (M1-21-2),MICH,2025-11-13,,False
NATHAN FAULKNER MD,HOUSE WEST (M1-21-2),MICH,2025-03-12,,False
OLIVIA STRANSKY DPM,HOUSE WEST (M1-21-2),MICH,2023-10-02,,False
PATRICK DEVANNY MD,HOUSE WEST (M1-21-2),MICH,2024-04-05,,False
PETER LAMMENS MD,HOUSE WEST (M1-21-2),MICH,2022-10-31,,False
RACHEL WYMER PA-C,HOUSE WEST (M1-21-2),MICH,2023-09-29,,False
REBECCA WEBB PA-C,HOUSE WEST (M1-21-2),MICH,2024-03-21,,False
RYAN MARKS DPM,HOUSE WEST (M1-21-2),MICH,2024-07-12,,False
SARAH TUDYK PT DPT,HOUSE WEST (M1-21-2),MICH,2020-01-03,,False
SEAN HASSETT DPT,HOUSE WEST (M1-21-2),MICH,2020-01-03,,False
SHARON WALKER MD,HOUSE WEST (M1-21-2),MICH,2024-09-12,,False
SPEARMAN (M1-85-9),SPEARMAN (M1-85-9),HUNTSINGER (IL),2025-03-07,,False
STACI BOGIN DPM,HOUSE WEST (M1-21-2),MICH,2024-04-18,,False
STEVEN KIYOSHI YAMAZAKI MD,HOUSE WEST (M1-21-2),MICH,2025-12-05,,False
STEVEN WARREN MD,HOUSE WEST (M1-21-2),MICH,2021-02-10,,False
TERESA AYANDELE PA-C,HOUSE WEST (M1-21-2),MICH,2020-01-06,,False
THOMAS CORSON DO,HOUSE WEST (M1-21-2),MICH,2024-08-08,,False
THOMAS MANN MD,HOUSE WEST (M1-21-2),MICH,2023-10-12,,False
THOMAS SZALAY DC,HOUSE WEST (M1-21-2),MICH,2024-01-26,,False
TODD ZUHLKE MD,HOUSE WEST (M1-21-2),MICH,2023-01-31,,False
TOMAS PEVNY MD,HOUSE WEST (M1-21-2),MICH,2025-08-06,,False
TROY MANCHESTER MD,HOUSE WEST (M1-21-2),MICH,2021-02-15,,False
WAQQAR KHAN-FAROOQI MD/STEADMAN,HOUSE WEST (M1-21-2),MICH,2024-12-05,2022-03-17,False
WILLIAM LINDNER MD,HOUSE WEST (M1-21-2),MICH,2021-11-05,,False
YUSUKE WAKESHIMA MD,HOUSE WEST (M1-21-2),MICH,2023-11-06,,False
AFFECTRIX,HERMANN (M1-52),AFX,,,False
ALEXANDER COLE-SELVAGGIO ANP-BC,HERMANN (M1-52),AFX,2021-08-24,,False
AARONDEEP SINGH DEOL DPM,HINK (M1-11-38),ROYLE (PA),2024-04-25,,False
ABE OSBOURNE DPM,HINK (M1-11-38),ROYLE (PA),2024-05-29,,False
ADAM HOFFMAN DO,HINK (M1-11-38),ROYLE (PA),2024-06-24,,False
ANGELO MITSOS DPM,HINK (M1-11-38),ROYLE (PA),2024-07-01,,False
BEAU BRAY FNP-BC,HINK (M1-11-38),ROYLE (PA),2024-05-01,,False
BEN COLE DPT,HINK (M1-11-38),ROYLE (PA),2022-05-23,,False
CARA OGREN PT,HINK (M1-11-38),ROYLE (PA),2024-02-21,,False
ELIE ELIAS DPM,HINK (M1-11-38),ROYLE (PA),2024-05-02,,False
GEOFFREY L BULL DO,HINK (M1-11-38),ROYLE (PA),2024-09-19,,False
HARPREET SINGH MD,HINK (M1-11-38),ROYLE (PA),2024-05-28,,False
HAYLEY IOSUE DPM,HINK (M1-11-38),ROYLE (PA),2025-01-23,,False
HINK (M1-11-38),HINK (M1-11-38),ROYLE (PA),2026-08-26,,False
IDAN ZARBAILOV PA-C,HINK (M1-11-38),ROYLE (PA),2024-11-18,,False
JACOB BILLAK DPT,HINK (M1-11-38),ROYLE (PA),2024-12-03,,False
JOHN ELLIS DPM,HINK (M1-11-38),ROYLE (PA),2024-10-28,,False
JOHN LEE DO,HINK (M1-11-38),ROYLE (PA),2024-06-17,,False
JOHN WRIGHTSON MD (2),HINK (M1-11-38),ROYLE (PA),2026-05-05,,True
JONATHAN HUGHES MD,HINK (M1-11-38),ROYLE (PA),2024-07-12,,False
KRISTEN WEBER CRNP,HINK (M1-11-38),ROYLE (PA),2024-05-15,,False
LAUREN BROWN PT DPT,HINK (M1-11-38),ROYLE (PA),2025-08-08,,False
LAWRENCE DIDOMENICO DPM,HINK (M1-11-38),ROYLE (PA),2024-04-09,,False
LINSEY STICKEL PT,HINK (M1-11-38),ROYLE (PA),2024-11-13,,False
LIZ AMAYA PT DPT,HINK (M1-11-38),ROYLE (PA),2024-03-22,,False
LUCAS DAVANZO MD,HINK (M1-11-38),ROYLE (PA),2024-03-11,,False
MATTHEW KEUM MD,HINK (M1-11-38),ROYLE (PA),2024-07-01,,False
MEGAN MILLER MD,HINK (M1-11-38),ROYLE (PA),2024-06-05,,False
MICHAEL JURENOVICH DO,HINK (M1-11-38),ROYLE (PA),2026-08-10,,False
MICHAEL O'BRIEN JR MD,HINK (M1-11-38),ROYLE (PA),2024-05-07,,False
MICHELLE ANANIA DPM,HINK (M1-11-38),ROYLE (PA),2024-06-19,,False
MILO SANDA JR DO,HINK (M1-11-38),ROYLE (PA),2024-07-12,,False
MONIQUE LUXENBURG DPM,HINK (M1-11-38),ROYLE (PA),2026-07-21,,False
NICHOLAS R BUTLER DPM,HINK (M1-11-38),ROYLE (PA),2024-06-20,,False
ROBERT PISTON MD,HINK (M1-11-38),ROYLE (PA),2024-07-24,,False
SANA ABUMERI MD,HINK (M1-11-38),ROYLE (PA),2024-04-19,,False
SARAH FOYLE DPM,HINK (M1-11-38),ROYLE (PA),2024-06-28,,False
SCOTT BILLY DPM,HINK (M1-11-38),ROYLE (PA),2024-12-05,,
STEPHEN FRANIA DPM,HINK (M1-11-38),ROYLE (PA),2024-08-20,,False
TIFFANY KELLETT PT DPT,HINK (M1-11-38),ROYLE (PA),2024-04-01,,False
TRENT HARRIS PT,HINK (M1-11-38),ROYLE (PA),2024-05-28,,False
TYLER AMES MD,HINK (M1-11-38),ROYLE (PA),2024-07-10,,False
ABDUL LATIEF SULIEMAN MD,HOUSE EAST (M1-21-0),PITT,2021-02-18,2022-05-23,False
ADAM FINZEN DPM,HOUSE EAST (M1-21-0),PITT,,,False
AERIAL AVERY DPM,HOUSE EAST (M1-21-0),PITT,2021-08-02,,False
AIME MARANAN,HOUSE EAST (M1-21-0),PITT,,2022-05-23,False
AJAY BALARAM MD,HOUSE EAST (M1-21-0),PITT,2022-06-09,,False
ALCINTO GUIRAND MD,HOUSE EAST (M1-21-0),PITT,2021-05-19,,False
ALEXA LLEWELLYN PA-C,HOUSE EAST (M1-21-0),PITT,2020-03-17,,False
ALEXANDER DAVIS PT DPT,HOUSE EAST (M1-21-0),PITT,2021-03-10,,False
ALEXIA REBNE OT,HOUSE EAST (M1-21-0),PITT,,,False
ALEXIS BOLICK PA-C,HOUSE EAST (M1-21-0),PITT,,,False
ALFRED WROBLEWSKI JR MD,HOUSE EAST (M1-21-0),PITT,2020-11-24,,False
ALICIA KOVACH DC,HOUSE EAST (M1-21-0),PITT,2021-11-17,,False
ALLAN GROSSMAN DPM,HOUSE EAST (M1-21-0),PITT,2020-07-02,,False
ALLISON VOGEL PT,HOUSE EAST (M1-21-0),PITT,2021-03-31,,False
ALLYSON THATCHER MD,HOUSE EAST (M1-21-0),PITT,2020-12-07,,False
ALVIN ONG MD,HOUSE EAST (M1-21-0),PITT,2020-02-13,,False
ALYSSA K GOODEW CNP,HOUSE EAST (M1-21-0),PITT,,,False
ALYSSA MINOR PA-C,HOUSE EAST (M1-21-0),PITT,2021-02-15,,False
ALYSSA PATTERSON DPT,HOUSE EAST (M1-21-0),PITT,,2022-05-23,False
AMIT GOYAL MD,HOUSE EAST (M1-21-0),PITT,2020-06-24,,False
AMY RENKEN PT,HOUSE EAST (M1-21-0),PITT,,,False
ANDREA LACKI PA-C/UOC,HOUSE EAST (M1-21-0),PITT,2020-09-01,,False
ANDREW HAJDUK PT,HOUSE EAST (M1-21-0),PITT,2022-09-23,,False
ANDREW KISER PT DPT,HOUSE EAST (M1-21-0),PITT,2021-10-06,,False
ANDY SMITH PT,HOUSE EAST (M1-21-0),PITT,2021-01-28,,False
ANNE THROCKMORTON PT DPT,HOUSE EAST (M1-21-0),PITT,2021-03-12,,False
ANTHONY BILOTTA DO,HOUSE EAST (M1-21-0),PITT,2021-04-16,2022-05-23,False
ANTHONY BOZZIO MD,HOUSE EAST (M1-21-0),PITT,2021-04-14,,False
ANTHONY DAMIN PA-C/UOC,HOUSE EAST (M1-21-0),PITT,2020-07-09,,False
ANTHONY LAVIGNE DPT,HOUSE EAST (M1-21-0),PITT,2020-11-20,,False
ANTHONY MATOSKA DPT,HOUSE EAST (M1-21-0),PITT,,,False
ANTHONY RENTZ PA-C,HOUSE EAST (M1-21-0),PITT,2021-03-02,,False
ARIANE ROBINSON PT DPT,HOUSE EAST (M1-21-0),PITT,2021-05-12,,False
ASHLEY HENRY PT DPT,HOUSE EAST (M1-21-0),PITT,2021-04-27,,False
ASHLEY HEROD DPT,HOUSE EAST (M1-21-0),PITT,2021-04-07,,False
ASHLEY REDDEN PT,HOUSE EAST (M1-21-0),PITT,2020-12-18,,False
ASHLEY ROLLEY PT DPT,HOUSE EAST (M1-21-0),PITT,2021-09-08,,False
ASHLEY VOGEL DPT,HOUSE EAST (M1-21-0),PITT,2022-11-04,,False
ASHLEY WEAVER FNP-C,HOUSE EAST (M1-21-0),PITT,2020-12-29,,False
AUSTIN HOLLEY PT DPT - CORA PROVIDER,HOUSE EAST (M1-21-0),PITT,2021-03-24,,False
AYAZ MAHMOOD KHAN MD,HOUSE EAST (M1-21-0),PITT,2020-02-07,,False
BARBARA STELLS ARMENTROUT NP,HOUSE EAST (M1-21-0),PITT,2021-03-01,,False
BARRY GLEIMER DO,HOUSE EAST (M1-21-0),PITT,2020-07-14,,False
BENJAMIN BLOOM DPT,HOUSE EAST (M1-21-0),PITT,2021-02-01,,False
BENJAMIN MAYO MD,HOUSE EAST (M1-21-0),PITT,2024-04-23,,False
BENJAMIN SEEMAN DO IPS,HOUSE EAST (M1-21-0),PITT,2021-05-11,,False
BENJAMIN ZIEBART PA-C,HOUSE EAST (M1-21-0),PITT,,,False
BERNADETTE HALL PT,HOUSE EAST (M1-21-0),PITT,2021-12-22,,False
BETTYE DRYE-GLOVER MD,HOUSE EAST (M1-21-0),PITT,2021-06-16,,False
BOBBI FARBER MD,HOUSE EAST (M1-21-0),PITT,2021-10-29,,False
BRADLEY BARTER DO/UOC,HOUSE EAST (M1-21-0),PITT,2020-06-25,,True
BRANDON BOSQUE DPM,HOUSE EAST (M1-21-0),PITT,2020-07-23,,False
BRANDON JAMES VALENTINE MD,HOUSE EAST (M1-21-0),PITT,2021-05-26,,False
BRANDON PRIEBE PT,HOUSE EAST (M1-21-0),PITT,,,False
BRANDON WENGER PT DPT,HOUSE EAST (M1-21-0),PITT,2021-02-08,,False
BRENDEN GILLIES PT,HOUSE EAST (M1-21-0),PITT,,,False
BRIAN DEMAGGIO (MI),HOUSE EAST (M1-21-0),PITT,,,False
BRIAN HAMMONS PT DPT,HOUSE EAST (M1-21-0),PITT,2020-07-22,,False
BRIAN LARKIN MD,HOUSE WEST (M1-21-2),MICH,2026-06-16,,False
BRIAN M BRAUSA DPM,HOUSE EAST (M1-21-0),PITT,2021-10-29,,False
BRIAN MALLOY MD,HOUSE EAST (M1-21-0),PITT,2021-01-25,,False
BRIAN OMMEN PT,HOUSE EAST (M1-21-0),PITT,,,False
BRIAN PONTARELLI DPM,HOUSE EAST (M1-21-0),PITT,2020-12-05,,False
BRIDGET MOORE DPM,HOUSE EAST (M1-21-0),PITT,2022-07-29,,False
BRITTANIE HAMLIN PA-C,HOUSE EAST (M1-21-0),PITT,2021-09-17,,False
BRITTANY BERGMAN DPT,HOUSE EAST (M1-21-0),PITT,,,False
BRYAN HUTTON PT DPT CSCS,HOUSE EAST (M1-21-0),PITT,2022-03-24,,False
CADENA L WOOD FNP,HOUSE EAST (M1-21-0),PITT,2021-02-09,,False
CARIANNA DAVISON PT DPT,HOUSE EAST (M1-21-0),PITT,2021-01-13,,False
CARRIE RUPP PT DPT,HOUSE EAST (M1-21-0),PITT,2020-08-26,,False
CASEY ANTHOLZ DO,THAPA (M1-11-31),ROYLE (PA),2026-06-26,,False
CATHERINE MERCIER PT DPT,HOUSE EAST (M1-21-0),PITT,2020-12-23,,False
CHARLES BONNER MD,HOUSE EAST (M1-21-0),PITT,2021-03-23,,False
CHARLES CHRISTOPHER NICHOLAS DPM,HOUSE EAST (M1-21-0),PITT,2021-07-01,,False
CHARLES ZELKOWSKI DPT,HOUSE EAST (M1-21-0),PITT,2021-02-26,,False
CHARLOTTE BAIRD PT DPT,HOUSE EAST (M1-21-0),PITT,2021-05-26,,False
CHELSEA BREEN DPT,HOUSE EAST (M1-21-0),PITT,2021-03-18,,False
CHELSEA SANTOS DPT,HOUSE EAST (M1-21-0),PITT,2021-04-14,,False
CHLOE PARSEMAIN DPT,HOUSE EAST (M1-21-0),PITT,2021-02-15,,False
CHRIS MCCLELLAN DO/UOC,HOUSE EAST (M1-21-0),PITT,2021-03-10,,True
CHRIS TOMCZAK DC,HOUSE EAST (M1-21-0),PITT,,,False
CHRISTINA GORE PT,HOUSE EAST (M1-21-0),PITT,2021-03-25,,False
CHRISTINE NOLAN DPM,HOUSE EAST (M1-21-0),PITT,2020-12-04,,False
CHRISTOPHER CONNELLY DC,HOUSE EAST (M1-21-0),PITT,2021-01-29,,False
CHRISTOPHER GROSS MD,HOUSE EAST (M1-21-0),PITT,2020-12-02,,False
CHRISTOPHER LINCOSKI MD/UOC,HOUSE EAST (M1-21-0),PITT,2021-05-04,,True
CHRISTOPHER MARCHAND PT,HOUSE EAST (M1-21-0),PITT,2021-06-25,,False
CHRISTOPHER SULLIVAN DPM,HOUSE EAST (M1-21-0),PITT,2021-03-15,,False
CHRYSTAL CLARK DPT,HOUSE EAST (M1-21-0),PITT,2021-04-15,,False
CINDY KOPLITZ,HOUSE EAST (M1-21-0),PITT,2022-05-12,,False
CLARK BRAINERD PT DPT,HOUSE EAST (M1-21-0),PITT,2020-12-18,,False
CLAYTON SCHMITT PT,HOUSE EAST (M1-21-0),PITT,,2022-03-11,False
CLINT BROOKS DPT,HOUSE EAST (M1-21-0),PITT,2022-01-19,,False
COREY PAULINE (PA),HOUSE EAST (M1-21-0),PITT,,,False
COURTNEY JOHNSON DPT,HOUSE EAST (M1-21-0),PITT,2021-03-23,,False
CRYSTAL CLARK DPT,HOUSE EAST (M1-21-0),PITT,2022-11-11,,False
CURTIS QUATTLEBAUM PT DPT,HOUSE EAST (M1-21-0),PITT,2021-05-24,,False
DANA BIRKHOLZ DPT,HOUSE EAST (M1-21-0),PITT,,,False
DANIEL A PEREZ MD,HOUSE EAST (M1-21-0),PITT,2021-07-28,,False
DANIEL FEIVOR PA-C IPS,HOUSE EAST (M1-21-0),PITT,2021-11-02,,False
DANIEL FOX MD,HOUSE EAST (M1-21-0),PITT,2020-01-21,,False
DARREN HILCHIE PT,HOUSE EAST (M1-21-0),PITT,2020-11-13,,False
DAVID ERLANDSON DPT,HOUSE EAST (M1-21-0),PITT,,,False
DAVID HAMAKER MD,HOUSE EAST (M1-21-0),PITT,2020-11-10,,False
DAVID KIRSCHENBAUM MD,HOUSE EAST (M1-21-0),PITT,2020-06-15,,False
DAVID MORSE DPT,HOUSE EAST (M1-21-0),PITT,2020-11-11,,False
DAVID RAPSON PT,HOUSE EAST (M1-21-0),PITT,2020-09-24,,False
DAVID WIERSEMA DO,HOUSE WEST (M1-21-2),MICH,2024-09-11,,False
DELICIA PRUITT MD,HOUSE EAST (M1-21-0),PITT,2021-01-23,,False
DEREK KELLY PT AOP,HOUSE EAST (M1-21-0),PITT,2021-07-02,,False
DEVIN PECK DPT,HOUSE EAST (M1-21-0),PITT,2020-05-28,,False
DOMINIC CARREIRA MD,HOUSE EAST (M1-21-0),PITT,2024-08-07,,False
DONGIK SHIN DPT,HOUSE EAST (M1-21-0),PITT,2021-02-05,,False
DOUGLAS ARNOLD MD,HOUSE EAST (M1-21-0),PITT,2021-12-13,,False
DOUGLAS DUNCAN MD,HOUSE EAST (M1-21-0),PITT,2022-03-28,,False
DOUGLAS M SHEPARD MD,HOUSE EAST (M1-21-0),PITT,2021-05-18,,False
DUSTIN WARD MD,HOUSE EAST (M1-21-0),PITT,,,False
DYLAN DESSART DPT,HOUSE EAST (M1-21-0),PITT,2020-11-17,,False
EBONI ROBINSON PT,HOUSE EAST (M1-21-0),PITT,2021-07-23,,False
EDWARD GUSICK DO,HOUSE EAST (M1-21-0),PITT,2020-12-21,,False
EDWIN ROGUSKY MD/UOC,HOUSE EAST (M1-21-0),PITT,2020-09-04,,True
ELIZA DIACONESCU MD,HOUSE EAST (M1-21-0),PITT,2021-08-16,2022-05-23,False
ELIZABETH KLINE CRNP,HOUSE EAST (M1-21-0),PITT,2021-06-18,,False
ELIZABETH KREMER DPT,HOUSE EAST (M1-21-0),PITT,2023-01-06,,False
ELIZABETH SCHORN PT,HOUSE EAST (M1-21-0),PITT,,,False
ELLE KINGSLEY PT,HOUSE EAST (M1-21-0),PITT,,,False
EMILY FRANK PA-C,HOUSE EAST (M1-21-0),PITT,2021-03-10,,False
EMILY STRAESSER MD/UOC,HOUSE EAST (M1-21-0),PITT,2021-05-04,,False
ERIC JORDE PT,HOUSE EAST (M1-21-0),PITT,2022-01-28,,False
ERIC KOEHLER DC,HOUSE EAST (M1-21-0),PITT,2021-10-20,,True
ERIC LERCHE DO,HOUSE EAST (M1-21-0),PITT,2021-04-13,,False
ERIC LEVESQUE DC,HOUSE EAST (M1-21-0),PITT,,,False
ERIC SCHMITZ DPT,HOUSE EAST (M1-21-0),PITT,2022-11-28,,False
ERIC WILLIAMS MD,HOUSE EAST (M1-21-0),PITT,2020-04-29,,False
ERIKA DOBBINS-CLEMENTS DPT,HOUSE EAST (M1-21-0),PITT,2021-02-11,,False
ERIN GILROY PA-C/UOC,HOUSE EAST (M1-21-0),PITT,2021-01-12,,True
ERIN RUIZ NP,HOUSE EAST (M1-21-0),PITT,2021-12-03,,False
ERNEST L HOWARD II MD,HOUSE EAST (M1-21-0),PITT,2021-03-09,,False
ESHAN KHAN DPM,HOUSE EAST (M1-21-0),PITT,2021-05-21,,False
EUGENE P O'HANLON PT DPT,HOUSE EAST (M1-21-0),PITT,2021-03-15,,False
EUGENE SEALS MD,HOUSE EAST (M1-21-0),PITT,2020-06-30,,False
FELIX KIRVEN MD,HOUSE EAST (M1-21-0),PITT,2021-09-07,,False
FENO MONACO MD,HOUSE EAST (M1-21-0),PITT,2020-02-28,,False
FILIPPO CHILLEMI MD,HOUSE EAST (M1-21-0),PITT,2021-01-20,,False
FRANCIE CHRISTENSON (MN),HOUSE EAST (M1-21-0),PITT,,,False
FRANK KOLISEK MD,HOUSE EAST (M1-21-0),PITT,2022-08-03,,False
FRANK LEDONNE DC,HOUSE EAST (M1-21-0),PITT,2019-10-23,,True
FRANK SCHINCO MD,HOUSE EAST (M1-21-0),PITT,2021-04-16,,False
FRED MARTIN DPT,HOUSE EAST (M1-21-0),PITT,2020-11-17,,False
FREDRIC SALTER MD,HOUSE EAST (M1-21-0),PITT,2021-06-28,,False
GABRIEL LEWULLIS MD,HOUSE EAST (M1-21-0),PITT,2020-01-31,,False
GARY STEWART MD,HOUSE EAST (M1-21-0),PITT,2021-11-03,,False
GEOFFREY KLEIN PT DPT,HOUSE EAST (M1-21-0),PITT,2022-08-09,,False
GEORGE SUTHERLAND MD,HOUSE EAST (M1-21-0),PITT,2021-03-25,,False
GERALD CHAI DO,HOUSE EAST (M1-21-0),PITT,2021-09-15,,False
GERALD MARCINAK DC,HOUSE EAST (M1-21-0),PITT,2019-10-02,,True
GIOVANNI PARALITICCI MD,HOUSE EAST (M1-21-0),PITT,2022-07-05,,False
GRAYSON WEBER (SC/NC),HOUSE EAST (M1-21-0),PITT,2021-04-15,,False
GREGORY BAILEY DO/UOC,HOUSE EAST (M1-21-0),PITT,2021-08-20,,True
GREGORY TANNER MD,HOUSE EAST (M1-21-0),PITT,2021-01-28,,False
HEATHER BROWN PAC IPS,HOUSE EAST (M1-21-0),PITT,2021-10-11,,False
HEATHER MOLNAR MD,HOUSE EAST (M1-21-0),PITT,2020-10-20,,False
HEIDI MURPHY PA-C/UOC,HOUSE EAST (M1-21-0),PITT,2020-09-22,,False
HELEN LI PT,HOUSE EAST (M1-21-0),PITT,2022-01-25,,False
HENRICHS (IL),HOUSE EAST (M1-21-0),PITT,,2022-05-23,False
HOLLY WEIMER PT,HOUSE EAST (M1-21-0),PITT,,2022-05-23,False
HOUSE (M1-21-0),HOUSE EAST (M1-21-0),PITT,2026-06-15,,False
HOWARD KEITH ROBINSON MD,HOUSE EAST (M1-21-0),PITT,2020-12-18,,False
INDIA WILLIAMS MD,HOUSE EAST (M1-21-0),PITT,2021-12-03,,False
ISAAC DONKOH NP,HOUSE EAST (M1-21-0),PITT,2020-03-03,,False
JACK BONDI DPM,HOUSE EAST (M1-21-0),PITT,2020-07-23,,False
JACLYN ANN POLK DPT,HOUSE EAST (M1-21-0),PITT,2021-02-19,,False
JACOB BUDNY DO,HOUSE EAST (M1-21-0),PITT,2021-12-27,,False
JALEES ONEAL DPT,HOUSE EAST (M1-21-0),PITT,2021-10-18,,False
JAMES BENJAMIN JACKSON MD,HOUSE EAST (M1-21-0),PITT,2021-04-21,,False
JAMES BERG PA,HOUSE EAST (M1-21-0),PITT,2021-02-16,,False
JAMES DVORAK MD,HOUSE EAST (M1-21-0),PITT,2022-11-03,,False
JAMES HOFFMAN MD,HOUSE EAST (M1-21-0),PITT,2020-10-14,,False
JAMES PARMELE MD,HOUSE EAST (M1-21-0),PITT,,,False
JAMES SOYKA MD,HOUSE EAST (M1-21-0),PITT,,2022-05-23,False
JAMES SUNDAY MD,HOUSE EAST (M1-21-0),PITT,2020-01-01,,False
JAREN GEBHARD PT,HOUSE EAST (M1-21-0),PITT,2020-11-02,,False
JAROD STRAGNAD DO,HOUSE EAST (M1-21-0),PITT,2021-01-19,,False
JAROSLAV TYMOUCH,HOUSE EAST (M1-21-0),PITT,2022-04-12,2022-05-23,False
JASON ASH PA,HOUSE EAST (M1-21-0),PITT,,,False
JASON CERKONEY LAT,HOUSE EAST (M1-21-0),PITT,,,False
JASVIR KAILEY APNP,HOUSE EAST (M1-21-0),PITT,2021-03-01,,False
JAWAID QUDDUS MD,HOUSE EAST (M1-21-0),PITT,2022-09-30,,False
JAY KALAWADIA MD,HOUSE EAST (M1-21-0),PITT,2020-02-26,,False
JAYARATHNE KOTTAGE MD,HOUSE EAST (M1-21-0),PITT,2020-10-22,,False
JEFFEREY GUY MD/CORA,HOUSE EAST (M1-21-0),PITT,2021-03-24,,False
JEFFREY BUNCHER MD,HOUSE EAST (M1-21-0),PITT,2021-12-06,,False
JEFFREY J RODRIGUEZ DC,HOUSE EAST (M1-21-0),PITT,2020-07-01,,False
JEFFREY KASS DPM,HOUSE EAST (M1-21-0),PITT,2019-10-01,,False
JEFFREY MAIR DO,HOUSE EAST (M1-21-0),PITT,,,False
JEFFREY QUINTANA MD,HOUSE EAST (M1-21-0),PITT,2022-09-29,,False
JEFFREY YOUNT PA-C,HOUSE EAST (M1-21-0),PITT,2020-11-20,,False
JENA DELISLE DPT,HOUSE EAST (M1-21-0),PITT,2022-03-11,2022-03-30,False
JENNIFER CARLOTTI PT DPT,HOUSE EAST (M1-21-0),PITT,2021-03-04,2022-05-23,False
JENNIFER COLEMAN OT,HOUSE EAST (M1-21-0),PITT,2021-02-12,,False
JENNIFER DRAKE DPT,HOUSE EAST (M1-21-0),PITT,2020-09-23,,False
JENNIFER KOHN DPT,HOUSE EAST (M1-21-0),PITT,2021-07-21,,False
JENNIFER LOWELL PT DPT,HOUSE EAST (M1-21-0),PITT,2021-04-16,2022-05-23,False
JENNIFER MARDOS DO,HOUSE EAST (M1-21-0),PITT,2020-08-13,,False
JENNIFER MCCARTHY FNP-C,HOUSE EAST (M1-21-0),PITT,2020-10-28,,False
JEREMY ANSBACH PT,HOUSE EAST (M1-21-0),PITT,2021-06-29,,False
JESSICA BILOTTA MD,HOUSE EAST (M1-21-0),PITT,2020-08-27,,False
JOAN COLLINS OT,HOUSE EAST (M1-21-0),PITT,,,False
JODY DAVIS PT,HOUSE EAST (M1-21-0),PITT,2020-12-21,,False
JOEL ANTONUCCI DPT/LEGACY,HOUSE EAST (M1-21-0),PITT,2021-03-12,,True
JOHN HANDAGO MD,HOUSE EAST (M1-21-0),PITT,2020-01-20,,False
JOHN LOCHEMES MD,HOUSE EAST (M1-21-0),PITT,2021-07-28,,False
JOHN LYNOTT MD,HOUSE EAST (M1-21-0),PITT,2020-09-15,,False
JOHN MICHAEL HEMPHILL MD,HOUSE EAST (M1-21-0),PITT,2021-04-07,,False
JOHN SMANIOTTO PA-C/UOC,HOUSE EAST (M1-21-0),PITT,2020-03-17,,False
JOHN VARGO PA-C/UOC,HOUSE EAST (M1-21-0),PITT,2020-09-15,,False
JONATHAN KELLEY DPT,HOUSE EAST (M1-21-0),PITT,2020-09-10,,False
JONATHAN SHULTS MD,HOUSE EAST (M1-21-0),PITT,2022-04-22,,False
JONATHAN VANKLEUNEN MD/UOC,HOUSE EAST (M1-21-0),PITT,2021-02-12,,True
JORDAN ENGLER PT,HINK (M1-11-38),ROYLE (PA),2021-06-03,,False
JORDAN OLP PT DPT,HOUSE EAST (M1-21-0),PITT,,,False
JOSEPH BOAEN MD,HOUSE EAST (M1-21-0),PITT,2022-04-20,,False
JOSEPH DIMENNA MD,HOUSE EAST (M1-21-0),PITT,2020-02-19,,False
JOSEPH PURITA MD,HOUSE EAST (M1-21-0),PITT,2023-05-16,,False
JOSHUA GREENLEAF DO/UOC,HOUSE EAST (M1-21-0),PITT,2021-05-28,,False
JUHA I JAAKKOLA MD,HOUSE EAST (M1-21-0),PITT,2021-05-17,,False
JULIA HASIRCOGLU PA-C,HOUSE EAST (M1-21-0),PITT,2023-03-27,,False
JULIE SOYKA PT,HOUSE EAST (M1-21-0),PITT,,,False
JUSTIN DUMONT DO,HOUSE EAST (M1-21-0),PITT,2022-07-29,,False
JUSTIN WILLIAM DEAN MD,HOUSE EAST (M1-21-0),PITT,2020-11-16,,False
KARA RAWSON PT,HOUSE EAST (M1-21-0),PITT,2022-11-23,,False
KATELYN PLESSINGER PA-C,HOUSE EAST (M1-21-0),PITT,2020-01-13,,False
KATHERINE OSBORNE DPT,HOUSE EAST (M1-21-0),PITT,2020-11-13,,False
KATRINA SMEDLEY PT DPT,HOUSE EAST (M1-21-0),PITT,2022-06-23,,False
KAYCE GRIGG APRN,HOUSE EAST (M1-21-0),PITT,2022-06-29,,False
KAYLA POPE DPT,HOUSE EAST (M1-21-0),PITT,2020-11-06,,False
KEITH RAZIANO MD,HOUSE EAST (M1-21-0),PITT,2021-07-16,,False
KEITH ZORA DO/UOC,HOUSE EAST (M1-21-0),PITT,2020-12-30,,False
KELLIE KEENEY PT DPT,HOUSE EAST (M1-21-0),PITT,2021-06-04,,False
KELLY JOHNSON PA-C,HOUSE EAST (M1-21-0),PITT,2021-07-16,,False
KELLY MUSHILL PT,HOUSE EAST (M1-21-0),PITT,2021-02-18,,False
KELLY ORMAN PT DPT,HOUSE EAST (M1-21-0),PITT,2021-03-16,,False
KENDRA WILHOLT DPT,HOUSE EAST (M1-21-0),PITT,2021-03-30,,False
KENNETH BRISLIN MD,HOUSE EAST (M1-21-0),PITT,2019-09-10,,False
KENNETH CHERRY MD/UOC,HOUSE EAST (M1-21-0),PITT,2021-06-29,,False
KENNETH D ACKER JR,HOUSE EAST (M1-21-0),PITT,2021-03-10,,False
KENNETH DARRELL AUSTIN PT,HOUSE EAST (M1-21-0),PITT,2021-06-11,,False
KENNETH KELLY DPT,HOUSE EAST (M1-21-0),PITT,2022-03-24,,False
KENT TIMM DPT,HOUSE EAST (M1-21-0),PITT,2020-11-02,,False
KERI WAGNER PT DPT,HOUSE EAST (M1-21-0),PITT,2021-01-26,,False
KETREENA ROSHAWN FOOTMAN PT DPT,HOUSE EAST (M1-21-0),PITT,2021-01-30,,False
KEVIN A ASONGLEFAC FNP,HOUSE EAST (M1-21-0),PITT,2021-06-08,,False
KEVIN EHRHART MD,HOUSE EAST (M1-21-0),PITT,2023-07-20,,False
KEVIN SLAYTON PA-C,HOUSE EAST (M1-21-0),PITT,2021-06-08,,False
KEVIN SOTO PT DPT,HOUSE EAST (M1-21-0),PITT,2021-01-25,,False
KEVIN WELCH DPM,HOUSE EAST (M1-21-0),PITT,2020-01-24,,False
KIAN SETAYESH MD,HOUSE EAST (M1-21-0),PITT,2020-06-19,,False
KIMBERLY VAGAN PA-C,HOUSE EAST (M1-21-0),PITT,2021-10-15,,False
KIRSTEN L POEHLING MONAGHAN MD,HOUSE EAST (M1-21-0),PITT,2021-06-15,,False
KIRSTEN NELSON DC,HOUSE EAST (M1-21-0),PITT,2021-03-12,,False
KISEOK KWON DPT,HOUSE EAST (M1-21-0),PITT,2020-12-03,,False
KRISHNA SUMEER TAH PA-C,HOUSE EAST (M1-21-0),PITT,2021-07-16,,False
KRISTA FALK NP,HOUSE EAST (M1-21-0),PITT,2020-05-05,,False
KRISTEN JOY PT DPT,HOUSE EAST (M1-21-0),PITT,2021-06-28,,False
KRISTI NIXON NP,HOUSE EAST (M1-21-0),PITT,2021-02-23,,False
KRISTI OWENS DPT,HOUSE EAST (M1-21-0),PITT,2021-01-15,,False
KWADWO A OWUSU-AKYAW MD,HOUSE EAST (M1-21-0),PITT,2023-01-23,,False
KYLE HATLEY PT DPT,HOUSE EAST (M1-21-0),PITT,2020-07-22,,False
KYLE ZIMMERMAN PT,HOUSE EAST (M1-21-0),PITT,,,False
KYRSTEN DOWLING PT DPT,HOUSE EAST (M1-21-0),PITT,2021-02-12,,False
LANCE EDWARD TOWNSEND PT,HOUSE EAST (M1-21-0),PITT,2021-12-22,,False
LARRY DYAL DPM,HOUSE EAST (M1-21-0),PITT,2020-08-25,,False
LAURA SCHIRMER PT DPT,HOUSE EAST (M1-21-0),PITT,2020-10-22,,False
LAURA STEWART DPT,HOUSE EAST (M1-21-0),PITT,2021-12-22,,False
LAUREN BOHLEY PA-C,HOUSE EAST (M1-21-0),PITT,2024-07-02,,False
LAUREN CONROD PA-C,HOUSE EAST (M1-21-0),PITT,2020-04-16,,False
LAUREN GOUGH PT DPT,HOUSE EAST (M1-21-0),PITT,2021-06-08,,False
LAURIE FERRI,HOUSE EAST (M1-21-0),PITT,,,False
LEANN M VENTRIGLIA PT,HOUSE EAST (M1-21-0),PITT,2021-03-18,,False
LEEANN RHODES MD,HOUSE EAST (M1-21-0),PITT,2021-07-13,,False
LIAM MICHENER PT,HOUSE EAST (M1-21-0),PITT,,,False
LONI HOWSARE CRNP,HOUSE EAST (M1-21-0),PITT,2020-07-09,,False
LOUIS CRIVELLI DC,HOUSE EAST (M1-21-0),PITT,2020-02-05,2022-03-17,False
LOUIS SAEGER MD,HOUSE EAST (M1-21-0),PITT,,,False
LOUISE SHEFIELD MD,HOUSE EAST (M1-21-0),PITT,2020-12-07,,False
LUIS TUMIALAN MD,HOUSE EAST (M1-21-0),PITT,2024-08-09,,False
MALIK ABRAHAM DPM,HOUSE EAST (M1-21-0),PITT,2021-07-21,2022-05-23,False
MANDY LABROSSE PT,HOUSE EAST (M1-21-0),PITT,,,False
MANUEL GEPILANO PT,HOUSE EAST (M1-21-0),PITT,2020-11-17,,False
MARIA BUTTADAURO PT,HOUSE EAST (M1-21-0),PITT,,2022-05-23,False
MARISOL CLARK PT,HOUSE EAST (M1-21-0),PITT,2021-06-08,,False
MARK MANEY PA-C/UOC,HOUSE EAST (M1-21-0),PITT,2020-11-20,,True
MARK MATSUNAGA MD,HOUSE EAST (M1-21-0),PITT,2021-11-09,,False
MARK MCLAUGHLIN MD,HOUSE EAST (M1-21-0),PITT,2020-12-09,,False
ARI PRESSMAN MD,THAPA (M1-11-31),ROYLE (PA),2026-08-25,,False
MARK RAU PT MPT,HOUSE EAST (M1-21-0),PITT,2021-01-28,,False
MARK STOCK NP-C,HOUSE EAST (M1-21-0),PITT,,,True
MARK STOKES PT,HOUSE EAST (M1-21-0),PITT,2021-05-13,,False
MARK WITTENBERG MD,HOUSE EAST (M1-21-0),PITT,2020-12-07,,False
MARYELIZABETH WARHOL DPT,HOUSE EAST (M1-21-0),PITT,2021-06-25,,False
MATTHEW BARNES PA-C,HOUSE EAST (M1-21-0),PITT,2021-04-30,,False
MATTHEW BONG MD,HOUSE EAST (M1-21-0),PITT,2022-10-12,,False
MATTHEW GUGLIOTTI MD,HOUSE EAST (M1-21-0),PITT,2023-03-23,,False
MEAGHAN COX DPT,HOUSE EAST (M1-21-0),PITT,,,False
MEGAN FERRON PA-C/LIFESTREAM,HOUSE EAST (M1-21-0),PITT,2021-05-26,,False
MEKINNAH CURRIE FNP,HOUSE EAST (M1-21-0),PITT,2020-12-28,,False
MELISSA KEARSE DPT,HOUSE EAST (M1-21-0),PITT,2021-01-26,,False
MELISSA MARTIN,HOUSE EAST (M1-21-0),PITT,,,False
MERTHIA HAYNIE DPT,HOUSE EAST (M1-21-0),PITT,2022-06-10,,False
MICHAEL BEAVERS APRN,HOUSE EAST (M1-21-0),PITT,2021-05-27,,False
MICHAEL BLAIR PT DPTC MTPT,HOUSE EAST (M1-21-0),PITT,2022-04-20,,False
MICHAEL CRINION DPT,HOUSE EAST (M1-21-0),PITT,2021-02-11,,False
MICHAEL DRASS MD,HOUSE EAST (M1-21-0),PITT,2021-06-25,,False
MICHAEL GIAMANCO PT DPT,HOUSE EAST (M1-21-0),PITT,2020-12-09,,False
MICHAEL H BROWN MD,HOUSE EAST (M1-21-0),PITT,2021-11-02,,False
MICHAEL JUNG MD,HOUSE EAST (M1-21-0),PITT,2022-12-16,,False
MICHAEL LOHSE PT,HOUSE EAST (M1-21-0),PITT,,,False
MICHAEL PEZZONE DC/LEGACY,HOUSE EAST (M1-21-0),PITT,2020-01-16,,True
MICHAEL REICHERT PA-C/UOC,HOUSE EAST (M1-21-0),PITT,2021-04-12,,False
MICHAEL SCHEEL MD/ADVANCED ORTHO,HOUSE EAST (M1-21-0),PITT,2019-11-26,,True
MICHAEL WARREN MD,HOUSE EAST (M1-21-0),PITT,2020-12-28,,False
MICHAEL WILDSTEIN MD,HOUSE EAST (M1-21-0),PITT,2020-12-03,,False
MICHEAL FRANCHETTI MD,HOUSE EAST (M1-21-0),PITT,2021-06-21,,False
MICHELLE DAVIS PA-C,HOUSE EAST (M1-21-0),PITT,,,False
MIRETTE MIKHAIL DPT,HOUSE EAST (M1-21-0),PITT,2021-05-25,2022-05-23,False
MIRZA ABRAR BAIG MS RPT,HOUSE EAST (M1-21-0),PITT,2021-04-26,,False
MONICA CARRION-JONES MD,HOUSE EAST (M1-21-0),PITT,2021-01-08,,False
MORGAN S MCILREE DC,HOUSE EAST (M1-21-0),PITT,2021-06-04,,False
NANCY MANAHAN CRNP,HOUSE EAST (M1-21-0),PITT,2019-12-12,,False
NATHAN C DAVIS MD,HOUSE EAST (M1-21-0),PITT,2021-04-19,,False
NATHAN HUNT DPT,HOUSE EAST (M1-21-0),PITT,2020-10-14,,False
NATHAN PRATER PT,HOUSE EAST (M1-21-0),PITT,2021-04-28,,False
NATHAN STIER PT,HOUSE EAST (M1-21-0),PITT,,,False
NICHOLAS KINBACK MD *,THAPA (M1-11-31),ROYLE (PA),,,True
NICHOLAS MIHELIC MD,HOUSE EAST (M1-21-0),PITT,2020-10-09,,False
NICHOLAS POPCHAK PA-C/UOC,HOUSE EAST (M1-21-0),PITT,2021-04-15,,False
NICHOLAS SLENKER MD,HOUSE EAST (M1-21-0),PITT,2020-07-22,,False
NICOLE CALKINS PT DPT,HOUSE EAST (M1-21-0),PITT,2021-03-05,,False
NICOLE WITLINGER QUARNE PT,HOUSE EAST (M1-21-0),PITT,,,False
NIKOLAI MISKOV DPT,HOUSE EAST (M1-21-0),PITT,2022-07-20,,False
NOSHEEN HASAN MD,HOUSE EAST (M1-21-0),PITT,2019-11-19,,False
OLUMUYIWA PAUL MD,HOUSE EAST (M1-21-0),PITT,2019-12-05,,False
OMAR DARR MD,HOUSE EAST (M1-21-0),PITT,2022-02-07,,False
PATRICIA KILLIAN RN CCM,HOUSE EAST (M1-21-0),PITT,2019-11-14,,False
PATRICK LAGUERRE MD,HOUSE EAST (M1-21-0),PITT,2021-06-10,,False
PAUL APOSTOLO MD,HOUSE EAST (M1-21-0),PITT,2019-12-19,,False
PAUL CODJOE MD,HOUSE EAST (M1-21-0),PITT,2021-11-09,,False
PAUL LACLAIR MD,HOUSE EAST (M1-21-0),PITT,2021-10-21,,False
PAUL MITCHELL DO,HOUSE EAST (M1-21-0),PITT,2020-09-11,,False
PAUL SENSIBA MD/UOC,HOUSE EAST (M1-21-0),PITT,2020-08-21,,True
PETER COTE,HOUSE EAST (M1-21-0),PITT,2022-07-05,,False
PETER MCANDREWS DO,HOUSE EAST (M1-21-0),PITT,2020-08-27,,False
PHILLIP YUHAS DC,HOUSE EAST (M1-21-0),PITT,2022-03-16,,False
PRISMA HEALTH MIDLANDS,HOUSE EAST (M1-21-0),PITT,2021-01-27,,False
RACHEL MIDDAY DPT,HOUSE EAST (M1-21-0),PITT,2022-11-17,,False
RAHSAN MCMILLAN DPT,HOUSE EAST (M1-21-0),PITT,2021-07-02,,False
RAKESH MASHRU MD,HOUSE EAST (M1-21-0),PITT,2019-11-05,,False
RANDY RIZOR MD,HOUSE EAST (M1-21-0),PITT,2021-11-18,,False
RAYMOND FERRARA DPM,HOUSE EAST (M1-21-0),PITT,2020-07-23,,False
REBECCA WEBSTER PT DPT,HOUSE EAST (M1-21-0),PITT,2020-12-22,,False
REGINA FLIPPIN MD,HOUSE EAST (M1-21-0),PITT,,,False
RICHARD ENTZ MD,HOUSE EAST (M1-21-0),PITT,2020-11-17,,False
RICHARD MCCAIN MD,HOUSE EAST (M1-21-0),PITT,2021-04-22,,False
RICHARD ZIEGLER MD,HOUSE EAST (M1-21-0),PITT,2021-04-20,,False
RICK PAPANDREA MD,HOUSE EAST (M1-21-0),PITT,2023-01-06,,False
ROBERT RANELLE DO,HOUSE EAST (M1-21-0),PITT,2020-01-01,,False
ROBERT SINGER DO/UOC,HOUSE EAST (M1-21-0),PITT,2021-05-26,,True
ROCHELLE RUTLEDGE DO,HOUSE EAST (M1-21-0),PITT,2020-12-04,,False
ROLAND WILLOCK MD,HOUSE EAST (M1-21-0),PITT,2022-11-09,,False
RONALD BOEDING MD,HOUSE EAST (M1-21-0),PITT,,,False
RONALD CAMPBELL MD/UPMC,HOUSE EAST (M1-21-0),PITT,2025-02-03,,True
ROSS M UFBERG MD,HOUSE EAST (M1-21-0),PITT,2021-11-10,,False
RYAN JACOBS MD,HOUSE EAST (M1-21-0),PITT,2022-01-27,2022-05-23,False
SAMANTHA LAUNER DPT,HOUSE EAST (M1-21-0),PITT,2020-05-28,,False
SAMANTHA SCHUBERT PT DPT,HOUSE EAST (M1-21-0),PITT,2021-03-10,,False
SAMMANTHA MORRIS PT DPT,HOUSE EAST (M1-21-0),PITT,2020-09-16,,False
SAMUEL BAKER DPT,HOUSE EAST (M1-21-0),PITT,2021-04-22,,False
SARA JOHANNA MITLYNG MD,HOUSE EAST (M1-21-0),PITT,2021-03-26,,False
SARAH JOHNSON PT DPT,HOUSE EAST (M1-21-0),PITT,2020-10-13,,False
SCOTT ARNOLD PT DPT,HOUSE EAST (M1-21-0),PITT,2020-09-16,,False
SCOTT CORNFIELD PT DPT,HOUSE EAST (M1-21-0),PITT,2021-05-19,,False
SCOTT EISENHUTH MD/UOC,HOUSE EAST (M1-21-0),PITT,2021-06-18,,True
SCOTT NELSON PT,HOUSE EAST (M1-21-0),PITT,2022-12-22,,False
SHAILESH GANDHI MD,HOUSE EAST (M1-21-0),PITT,2022-05-06,,False
SHANNON CARROLL-ROLFE DPT,HOUSE EAST (M1-21-0),PITT,,,False
SHAREE CHANCE-LAWSON DO,HOUSE EAST (M1-21-0),PITT,2023-03-27,,False
SHELBY ALLEN PT DPT,HOUSE EAST (M1-21-0),PITT,2021-05-20,,False
SHELLEY BUTLER PA-C,HOUSE EAST (M1-21-0),PITT,,,False
SHOSHANA KATZ PA-C,HOUSE EAST (M1-21-0),PITT,2021-03-08,,False
SOPHIA LEONARD-BURNS PA-C,HOUSE EAST (M1-21-0),PITT,2019-11-15,,False
STEPHANIE POBOCIK PT DPT,HOUSE EAST (M1-21-0),PITT,2020-11-06,,False
STEPHEN FICCHI DO,HOUSE EAST (M1-21-0),PITT,,,False
STEPHEN PELTIER DC,HOUSE EAST (M1-21-0),PITT,,,False
STEVE SCOTT PT,HOUSE EAST (M1-21-0),PITT,2021-03-18,,False
STEVEN LOUIS SHAPIRO MD,HOUSE EAST (M1-21-0),PITT,2021-02-05,,False
STEVEN TUAN NGUYEN MD,HOUSE EAST (M1-21-0),PITT,2020-12-17,,False
SUHAS BADARINATH MD *,THAPA (M1-11-31),ROYLE (PA),,,True
SUKHBIR BHURJI PA-C/LIFESTREAM,HOUSE EAST (M1-21-0),PITT,2021-06-16,,True
SUZANNE CHILDERS APRN,HOUSE EAST (M1-21-0),PITT,2021-03-12,,False
TAMAR BAITEL MD/UOC,HOUSE EAST (M1-21-0),PITT,2019-10-24,,True
TANIA SANTOS PT,HOUSE EAST (M1-21-0),PITT,2021-06-28,,False
TANYA SOTILLO PT,HOUSE EAST (M1-21-0),PITT,2021-04-02,,False
TERANCE CHI,HOUSE EAST (M1-21-0),PITT,,,False
THOMAS BARRETT MD,HOUSE EAST (M1-21-0),PITT,2023-05-22,,False
THOMAS ELLIS DO/UOC,HOUSE EAST (M1-21-0),PITT,2021-01-26,,True
THOMAS JONES PT DPT,HOUSE EAST (M1-21-0),PITT,2020-11-09,,False
THOMAS MEEUSEN PT,HOUSE EAST (M1-21-0),PITT,2021-08-04,,False
THOMAS VIKOREN MD,HOUSE EAST (M1-21-0),PITT,2019-10-24,,False
TIMOTHY FRAZIER MD,HOUSE EAST (M1-21-0),PITT,2021-06-21,,False
TOBIE MEYER PA-C,HOUSE EAST (M1-21-0),PITT,,,False
TODD CABLE MD,HOUSE EAST (M1-21-0),PITT,2021-01-29,,False
TODD DENT DC,HOUSE EAST (M1-21-0),PITT,2019-10-25,,False
TRISHA A MCMILLAN PT,HOUSE EAST (M1-21-0),PITT,2021-03-18,,False
TYSON T SWIGART DC,HOUSE EAST (M1-21-0),PITT,2020-08-19,,False
USAMA GABR MD,HOUSE EAST (M1-21-0),PITT,2021-08-24,,False
VANESSA COLQUHOUN PA-C/UOC,HOUSE EAST (M1-21-0),PITT,2021-06-14,,True
VERONICA GALL PT DPT,HOUSE EAST (M1-21-0),PITT,2021-05-25,2022-05-23,False
VICTOR ORTIZ MD,HOUSE EAST (M1-21-0),PITT,2019-11-25,,False
VINCENT J RIPEPI MD,LOPICCOLO (M1-11-69),ROYLE (PITT),2026-01-22,,False
VINCENT SCHNEIDER PT DPT,HOUSE EAST (M1-21-0),PITT,2022-03-22,,False
VIOLET KAMENDI NP/ELITE HEALTH CARE,HOUSE EAST (M1-21-0),PITT,2019-12-20,,False
VRIJESH S TANTUWAYA MD,HOUSE EAST (M1-21-0),PITT,2022-07-11,,False
WARREN K MCIVER DPM,HOUSE EAST (M1-21-0),PITT,2021-02-18,,False
WAYNE LUCHETTI MD,HOUSE EAST (M1-21-0),PITT,2020-07-28,,False
WILLIAM COOPER PT,HOUSE EAST (M1-21-0),PITT,2021-01-07,,False
WILLIAM LIVESAY DO,HOUSE EAST (M1-21-0),PITT,2020-12-11,,False
WILLIAM TERRELL MD,HOUSE EAST (M1-21-0),PITT,2019-11-14,,False
WILLIAM TYNDALL MD/UOC,HOUSE EAST (M1-21-0),PITT,2021-02-10,,True
ZACHARY CHUDY DC,HOUSE EAST (M1-21-0),PITT,,,False
ZACHARY THOMAS PA-C,HOUSE EAST (M1-21-0),PITT,2022-02-15,,False
ZAINAB BUNDU CRNP,HOUSE EAST (M1-21-0),PITT,2020-02-27,,False
ZUBIN TANTRA PT,HOUSE EAST (M1-21-0),PITT,,2022-05-23,False
ALBERT JANERICH MD *,JANERICH (M1-22-1),ROYLE (PA),2025-07-29,,True
DAVID A JANERICH DO *,JANERICH (M1-22-1),ROYLE (PA),2026-08-26,,True
GLENN WOODLEY DPM,JANERICH (M1-22-1),ROYLE (PA),2024-08-01,,
JANERICH (M1-22-1),JANERICH (M1-22-1),ROYLE (PA),2026-08-26,,False
KERRIE PETERSON (MI),KERRIE PETERSON (MI),KERRIE PETERSON (MI),,,False
CHRISTY BEER NP (1),CROSBY (M1-21-21),ROYLE (MD),2025-04-09,,False
MATTHEW RIEN DPM,KOTCHEY (M1-11-29),ROYLE (PITT),2024-02-14,,False
MICHAEL TOSHOK DO/PAINMED PC,KOTCHEY (M1-11-29),ROYLE (PITT),2020-10-01,,False
ALEXANDRA JONES DPT,LOPICCOLO (M1-11-69),ROYLE (PITT),2023-03-23,,False
ALISON MATTES PA-C,LOPICCOLO (M1-11-69),ROYLE (PITT),2026-08-11,,False
AMANDA FORTUNATO DPT,LOPICCOLO (M1-11-69),ROYLE (PITT),2025-03-21,,False
ANTHONY CUNEO MD,THAPA (M1-11-31),ROYLE (PA),2025-10-09,,False
ANTHONY HERZDOG DPT,LOPICCOLO (M1-11-69),ROYLE (PITT),2024-10-10,,False
ANTHONY KIRBY MD,THAPA (M1-11-31),ROYLE (PA),2025-11-05,,False
ANURADHA ANAND MD,LOPICCOLO (M1-11-69),ROYLE (PITT),2025-09-23,,False
BENJAMIN SHULTZ DC *,LOPICCOLO (M1-11-69),ROYLE (PITT),2025-05-29,,True
BETHANY HARR CRNP,LOPICCOLO (M1-11-69),ROYLE (PITT),2025-03-21,,False
BRADLEY PALMER MD,LOPICCOLO (M1-11-69),ROYLE (PITT),2025-12-04,,False
BRANDON GALASSO PT DPT,LOPICCOLO (M1-11-69),ROYLE (PITT),2026-08-18,,False
BRIAN MOORE MD (AHN),LOPICCOLO (M1-11-69),ROYLE (PITT),2025-11-05,,True
BRIAN STRATTA MD,LOPICCOLO (M1-11-69),ROYLE (PITT),2023-12-19,,False
BRITTANY HARDEN NP,LOPICCOLO (M1-11-69),ROYLE (PITT),2024-03-20,,False
CARL SEON MD,LOPICCOLO (M1-11-69),ROYLE (PITT),2026-01-16,,False
CASEY READE ANTHOLZ DO,LOPICCOLO (M1-11-69),ROYLE (PITT),2024-08-08,,False
CHRISTOPHER MANNING MD,LOPICCOLO (M1-11-69),ROYLE (PITT),2024-07-25,,False
CLAUDIU MURESAN MD,LOPICCOLO (M1-11-69),ROYLE (PITT),2024-05-29,,False
COLLEEN HARRIGER MD,LOPICCOLO (M1-11-69),ROYLE (PITT),2024-09-27,,False
DALE RECKLESS PT,LOPICCOLO (M1-11-69),ROYLE (PITT),2025-07-18,,False
DANTE MARRA MD,LOPICCOLO (M1-11-69),ROYLE (PITT),2024-05-06,,False
DARREN BRADLEY DPT *,LOPICCOLO (M1-11-69),ROYLE (PITT),2026-06-23,,True
DAVID BIZOUSKY MD,LOPICCOLO (M1-11-69),ROYLE (PITT),2025-07-24,,False
DAVID BRADLEY DPT *,LOPICCOLO (M1-11-69),ROYLE (PITT),2026-07-22,,True
DAVID CLAAR PA-C/UOC,LOPICCOLO (M1-11-69),ROYLE (PITT),2024-06-11,,True
DENNIS STROSKO RPT *,LOPICCOLO (M1-11-69),ROYLE (PITT),2024-08-21,,True
EARL BRAUNLICH MD,LOPICCOLO (M1-11-69),ROYLE (PITT),2024-05-07,,False
EDWARD SNELL MD (AHN),LOPICCOLO (M1-11-69),ROYLE (PITT),2026-08-26,,False
ELAINA CLARK NP,LOPICCOLO (M1-11-69),ROYLE (PITT),2024-09-23,,False
ERIC TYLER CZER DO,LOPICCOLO (M1-11-69),ROYLE (PITT),2026-07-01,,False
ERIC VERNON PAUGH DPT,LOPICCOLO (M1-11-69),ROYLE (PITT),2024-03-13,,False
ERICA BONK CRNP,LOPICCOLO (M1-11-69),ROYLE (PITT),2024-05-28,,False
ERIN SMITH DPT,LOPICCOLO (M1-11-69),ROYLE (PITT),,,False
GLENN MARTEL DPT,LOPICCOLO (M1-11-69),ROYLE (PITT),2024-07-17,,False
HAIBIN WANG MD PHD,LOPICCOLO (M1-11-69),ROYLE (PITT),2024-05-02,,False
HANNAH SIMON PA-C,LOPICCOLO (M1-11-69),ROYLE (PITT),2026-02-17,,False
JACOB DICESARE DO *,LOPICCOLO (M1-11-69),ROYLE (PITT),2025-09-03,,True
JAMES MENDILLO PA-C,LOPICCOLO (M1-11-69),ROYLE (PITT),2024-04-18,,False
JORDAN PORUBAN CRNP,LOPICCOLO (M1-11-69),ROYLE (PITT),2026-07-07,,False
JORDAN ROUZER DPT,LOPICCOLO (M1-11-69),ROYLE (PITT),2022-11-01,,False
JOSHUA BROWN PT DPT *,LOPICCOLO (M1-11-69),ROYLE (PITT),2025-11-20,,True
JOSHUA PORT MD/UOC,LOPICCOLO (M1-11-69),ROYLE (PITT),2024-04-05,,True
KARTHIK DWARKI MD,LOPICCOLO (M1-11-69),ROYLE (PITT),2026-04-29,,False
KELLEY ANDERSON DO,LOPICCOLO (M1-11-69),ROYLE (PITT),2024-01-31,,False
KELLY ADAMS CRNP,LOPICCOLO (M1-11-69),ROYLE (PITT),2026-08-12,,False
KELLY KNEPSHIELD DPT *,LOPICCOLO (M1-11-69),ROYLE (PITT),2025-03-14,,True
KENZIE GRENELL DPT,LOPICCOLO (M1-11-69),ROYLE (PITT),2026-05-06,,False
KEVIN PERRIS DPT/CROSSROADS PT *,LOPICCOLO (M1-11-69),ROYLE (PITT),2026-07-16,,True
KODY WAGNER PT DPT,LOPICCOLO (M1-11-69),ROYLE (PITT),2024-07-26,2022-03-23,False
LEANDRA FEIGHT PT,LOPICCOLO (M1-11-69),ROYLE (PITT),2026-02-16,,False
LOPICCOLO (M1-11-69),LOPICCOLO (M1-11-69),ROYLE (PITT),2026-08-26,,False
MARA BETH DIDIANO DPT,THAPA (M1-11-31) / HOUSE EAST (M1-21-0),ROYLE (PITT),2026-02-10,,False
MARCUS CERVANTES MD,LOPICCOLO (M1-11-69),ROYLE (PITT),2024-06-21,,False
MARIA TWICHELL MD,LOPICCOLO (M1-11-69),ROYLE (PITT),2024-01-23,,False
MATTHEW COOK DC *,LOPICCOLO (M1-11-69),ROYLE (PITT),2025-11-11,,True
MELISSA RIBBLETT PT,LOPICCOLO (M1-11-69),ROYLE (PITT),2024-07-18,,False
MICHAEL SUFFREDINI DO,LOPICCOLO (M1-11-69),ROYLE (PITT),2026-02-04,,False
MICHAEL WAYNE HANKINS DPM,LOPICCOLO (M1-11-69),ROYLE (PITT),2024-05-14,,False
MICHELLE NOSCHESE CRNP,LOPICCOLO (M1-11-69),ROYLE (PITT),2025-06-25,,False
NATALIE MILLER DPT,LOPICCOLO (M1-11-69),ROYLE (PITT),2024-04-02,,False
NATALINO RUGGERI DO,LOPICCOLO (M1-11-69),ROYLE (PITT),2026-07-24,,False
NATHANIEL EVAN BARR DPT,LOPICCOLO (M1-11-69),ROYLE (PITT),2023-01-06,,False
NICHOLAS MONTGOMERY NP,LOPICCOLO (M1-11-69),ROYLE (PITT),2024-04-17,,False
NICOLE BURNS DO *,LOPICCOLO (M1-11-69),ROYLE (PITT),2026-02-25,,True
NIHAR GHATE DPM,LOPICCOLO (M1-11-69),ROYLE (PITT),2024-09-26,,False
PAUL G LORINCY DPM,LOPICCOLO (M1-11-69),ROYLE (PITT),2024-06-14,,False
PERIKLIS PAPAPETROPOULOS MD,LOPICCOLO (M1-11-69),ROYLE (PITT),2024-02-09,,False
PHILIP FIRKINS PT DPT,LOPICCOLO (M1-11-69),ROYLE (PITT),2021-04-09,,False
R BRANDON TRALE DO,LOPICCOLO (M1-11-69),ROYLE (PITT),2024-05-15,,False
REBECCA LUKE PA-C,LOPICCOLO (M1-11-69),ROYLE (PITT),2025-02-21,,False
RICHARD ZIMM PA-C,LOPICCOLO (M1-11-69),ROYLE (PITT),2026-08-12,,False
ROBERT RUNDORFF MD,LOPICCOLO (M1-11-69),ROYLE (PITT),2023-11-20,,False
JOSHUA SZABO MD,LOPICCOLO (M1-11-69),ROYLE (PITT),2024-04-30,,False
SCOTT SHEPPARD MD,LOPICCOLO (M1-11-69) / HOUSE EAST (M1-21-0),ROYLE (PITT),2025-07-30,,False
SHANE HENNESSY MD,THAPA (M1-11-31),ROYLE (PA),2026-01-19,,False
SHANNON ROSS PA,LOPICCOLO (M1-11-69),ROYLE (PITT),2026-05-18,,False
SHAWN STORM DO,LOPICCOLO (M1-11-69),ROYLE (PITT),2025-06-26,,False
STEPHANIE GRILLI MD,LOPICCOLO (M1-11-69),ROYLE (PITT),2024-04-05,,False
THOMAS HUGHES MD,LOPICCOLO (M1-11-69),ROYLE (PITT),2024-04-02,,False
TRAVIS RANDOLPH PA-C,LOPICCOLO (M1-11-69),ROYLE (PITT),2024-10-08,,False
VICTOR GRECO MD,LOPICCOLO (M1-11-69),ROYLE (PITT),2026-08-05,,False
WILLIAM BERGIN DO,LOPICCOLO (M1-11-69),ROYLE (PITT),2026-06-30,,False
ZACHARY COLLINS PT,LOPICCOLO (M1-11-69),ROYLE (PITT),2025-02-04,,False
DEE (IL),MCLAUGHLIN (M1-85),MCLAUGHLIN (OH),2022-11-09,,False
GAIL MEERSCHAERT PT,MUSSAT (M1-11-21),ROYLE (MI),2024-10-21,2022-03-29,False
LIZA SCHLENDER PT,MUSSAT (M1-11-21),ROYLE (MI),2022-10-21,2022-03-29,False
MARIA CECILIA SAN JUAN PT,MUSSAT (M1-11-21),ROYLE (MI),2021-03-11,,False
MICHAEL BONNETTE MD,MUSSAT (M1-11-21),ROYLE (MI),2024-04-09,,False
MICHAEL MULCAHY MPT,MUSSAT (M1-11-21),ROYLE (MI),2022-01-24,2022-03-29,False
MUSSAT (M1-11-21),MUSSAT (M1-11-21),ROYLE (MI),2024-11-04,,False
SHREERAJ PATEL DPT,MUSSAT (M1-11-21),ROYLE (MI),2021-03-31,,False
PITT (PA),PITT (PA),PITT (PA),,,False
PRIZM OFFICE (GA),PRIZM OFFICE (GA),PRIZM OFFICE (GA),,,False
ANDREW MINKLEY MD,HOUSE EAST (M1-21-0),PITT,2024-08-06,,False
ANNE MARIE COSIJNS MD,HOUSE EAST (M1-21-0),PITT,2022-10-14,,False
ANTHONY LEE MD,HOUSE EAST (M1-21-0),PITT,2025-02-25,,False
ASHLEY CIALLELLA PA-C,HOUSE EAST (M1-21-0),PITT,2023-04-06,,False
AVERILL SUTCHAR DPT,HOUSE EAST (M1-21-0),PITT,2022-03-07,,False
BRIANNA TROKSA PT,HOUSE EAST (M1-21-0),PITT,2022-11-15,,False
BRITTNEY PETERSEN PA-C,HOUSE EAST (M1-21-0),PITT,2024-08-05,,False
CASIE VINSON FNP-C,HOUSE EAST (M1-21-0),PITT,2022-11-08,,False
COREY SOLMAN MD,HOUSE EAST (M1-21-0),PITT,2024-03-26,,False
COREY SULLIVAN,HOUSE EAST (M1-21-0),PITT,,,False
DALLAS SMITH DO,HOUSE EAST (M1-21-0),PITT,2022-07-11,,False
DANA SELTZER MD,HOUSE EAST (M1-21-0),PITT,2025-02-14,,False
DAVID CORTEZ PT,HOUSE EAST (M1-21-0),PITT,2022-07-19,,False
DAVID RASKAS MD,HOUSE EAST (M1-21-0),PITT,2024-12-03,,False
DAVID STONE MD,HOUSE EAST (M1-21-0),PITT,2022-09-23,,False
DENNIS OSENA FNP-BC,HOUSE EAST (M1-21-0),PITT,2022-12-05,,False
ESTELLE FARRELL DO,HOUSE EAST (M1-21-0),PITT,2025-03-27,,False
GERARD QUIGLEY PA-C,HOUSE EAST (M1-21-0),PITT,2024-05-02,,False
HAMMAD MOHAMMAD ZAFAR DPM,HOUSE EAST (M1-21-0),PITT,2024-06-20,,False
HAMMAD ZAFAR DPM,HOUSE EAST (M1-21-0),PITT,2024-06-20,,False
HEATHER WEISZHAAR NP,HOUSE EAST (M1-21-0),PITT,2022-09-28,,False
ISSAK DUNCAN PT,HOUSE EAST (M1-21-0),PITT,2023-09-22,,False
JARRETT LEATHEM DO,HOUSE EAST (M1-21-0),PITT,2023-01-13,,False
JEFFREY WINGATE MD,HOUSE EAST (M1-21-0),PITT,2023-01-27,,False
JIM ROARTY PT,HOUSE EAST (M1-21-0),PITT,2022-10-18,,False
JOHN MATTHEWS MD,HOUSE EAST (M1-21-0),PITT,2024-02-27,,False
KAVEH PANAHI DPM,HOUSE EAST (M1-21-0),PITT,2022-03-09,,False
KIRK BOWDEN DO,HOUSE EAST (M1-21-0),PITT,,,False
KURTIS STAPLES MD,HOUSE EAST (M1-21-0),PITT,2025-04-02,,False
LEAH BROWN MD,HOUSE EAST (M1-21-0),PITT,2022-10-07,,False
MARGARET FARWELL DPT,HOUSE EAST (M1-21-0),PITT,2022-10-14,,False
MARK OLSEN DPM,HOUSE EAST (M1-21-0),PITT,2022-11-14,,False
MARK RUBIN MD,HOUSE EAST (M1-21-0),PITT,2022-12-05,,False
MARY BATOLOME PT/DPT,HOUSE EAST (M1-21-0),PITT,2022-05-19,,False
MATTHEW CLINE DPM,HOUSE EAST (M1-21-0),PITT,2022-10-24,,False
MATTHEW DOUST MD,HOUSE EAST (M1-21-0),PITT,2023-04-03,,False
MELANIE MCDONALD PT,HOUSE EAST (M1-21-0),PITT,2024-02-02,,False
MICHAEL COMPTON NP,HOUSE EAST (M1-21-0),PITT,2024-10-15,,False
MICHAEL STEINGART MD,HOUSE EAST (M1-21-0),PITT,2022-07-19,,False
MINESH ZAVERI DO,HOUSE EAST (M1-21-0),PITT,2022-02-15,,False
MING-JAI LIU MD,HOUSE EAST (M1-21-0),PITT,2023-08-24,,False
NATHAN JEPPESEN DPM,HOUSE EAST (M1-21-0),PITT,2022-08-03,,False
NATHAN PLASKEY DPM,HOUSE EAST (M1-21-0),PITT,2022-11-01,,False
PAUL LEDESMA DPM,HOUSE EAST (M1-21-0),PITT,2024-11-01,,False
PHOENICIA ROWE PA-C,HOUSE EAST (M1-21-0),PITT,2022-11-10,,False
RASKAS (M1-85-5),HOUSE EAST (M1-21-0),PITT,2025-02-25,,False
RAUL AVILES DPM,HOUSE EAST (M1-21-0),PITT,2025-02-20,,False
RICHARD JACOBY DPM,HOUSE EAST (M1-21-0),PITT,2022-01-13,,False
RICHARD RAND DPM,HOUSE EAST (M1-21-0),PITT,2024-09-27,,False
RYAN GIBB MD,HOUSE EAST (M1-21-0),PITT,,,False
SCOTT MALING DPM,HOUSE EAST (M1-21-0),PITT,2024-09-13,,False
SHELDEN MARTIN MD,HOUSE EAST (M1-21-0),PITT,2022-04-13,,False
STEVEN THOMAS DPT,HOUSE EAST (M1-21-0),PITT,2023-01-20,,False
TIFFANY WALKER PA-C,HOUSE EAST (M1-21-0),PITT,2022-02-24,,False
TRACY FLOOD DPT,HOUSE EAST (M1-21-0),PITT,2022-03-31,,False
TREVER WILKINS DO,HOUSE EAST (M1-21-0),PITT,,,False
VINCENT RUSSO MD,HOUSE EAST (M1-21-0),PITT,2022-01-31,,False
VU NGUYEN DPM,HOUSE EAST (M1-21-0),PITT,2023-01-27,,False
WILLIAM FISHCO DPM,HOUSE EAST (M1-21-0),PITT,2024-07-02,,False
ZACH HANSEN PA-C,HOUSE EAST (M1-21-0),PITT,2023-10-06,,False
BRIAN MOSIER MD,LOPICCOLO (M1-11-69) / HOUSE EAST (M1-21-0),ROYLE (PITT),2025-09-24,,False
DEAN SOTEREANOS MD/UPMC *,REYNOLD (M1-21-1) / HOUSE EAST (M1-21-0),ROYLE (PITT),2026-08-05,,True
DERRICK FLUHME MD *,LOPICCOLO (M1-11-69),ROYLE (PITT),2026-03-20,,True
GREGORY HABIB DO,REYNOLD (M1-21-1),ROYLE (PITT),2024-09-25,,True
FRED STONER MD,HINK (M1-11-38),ROYLE (PA),2025-10-06,,True
MEGAN DAMAZO PA-C (AHN),LOPICCOLO (M1-11-69),ROYLE (PITT),2026-02-27,,False
REYNOLD (M1-21-1),REYNOLD (M1-21-1),ROYLE (PITT),2026-08-05,,False
ROBERT WEISER PA-C,REYNOLD (M1-21-1),ROYLE (PITT),2023-07-05,,False
THERESA SCHEIFFARTH PA-C,REYNOLD (M1-21-1),ROYLE (PITT),2023-07-14,,False
ALLISTER WILLIAMS MD,REYNOLD / HERMANN (M1-52-4),MOUNTAIN VALLEY ORTHO (PA),2022-07-07,,True
BRIAN POWERS MD,REYNOLD / HERMANN (M1-52-4),MOUNTAIN VALLEY ORTHO (PA),2022-05-26,,True
FREDERICK BARNES MD,REYNOLD / HERMANN (M1-52-4),MOUNTAIN VALLEY ORTHO (PA),2022-06-23,,True
GREGORY MENIO MD,REYNOLD / HERMANN (M1-52-4),MOUNTAIN VALLEY ORTHO (PA),2021-10-11,,True
JOHN PAGLIA MD,REYNOLD / HERMANN (M1-52-4),MOUNTAIN VALLEY ORTHO (PA),2022-06-13,,True
LASZLO SZOLLAS MD,REYNOLD / HERMANN (M1-52-4),MOUNTAIN VALLEY ORTHO (PA),2021-03-23,,False
MAURIZIO CIBISCHINO MD,REYNOLD / HERMANN (M1-52-4),MOUNTAIN VALLEY ORTHO (PA),2022-06-24,,True
PATRICK MCDONALD DPM,REYNOLD / HERMANN (M1-52-4),MOUNTAIN VALLEY ORTHO (PA),2022-06-03,,True
ROGER COMPONOVO MD,REYNOLD / HERMANN (M1-52-4),MOUNTAIN VALLEY ORTHO (PA),2022-06-08,,True
SUSAN RUBIN PA-C,REYNOLD / HERMANN (M1-52-4),MOUNTAIN VALLEY ORTHO (PA),2022-05-27,,False
AARON BURGESS MD,LOPICCOLO (M1-11-69) / HOUSE EAST (M1-21-0),ROYLE (PITT),2026-06-17,,False
ADAM JOHANNSEN MD,RICARD (M1-52-2),MCLAUGHLIN (MN),,,False
ANDREA REDMAN NPG,RICARD (M1-52-2),MCLAUGHLIN (MN),2023-09-29,,False
BRENDA JOHNSON PT,RICARD (M1-52-2),MCLAUGHLIN (MN),,,False
BRIAN WALTERS MD,RICARD (M1-52-2),MCLAUGHLIN (MN),2022-03-14,,False
CAITLIN CHAMBERS MD,RICARD (M1-52-2),MCLAUGHLIN (MN),,,False
CARTER MUENCH MD CAQ,RICARD (M1-52-2),MCLAUGHLIN (MN),,,False
CHRISTOPHER LARSON MD,RICARD (M1-52-2),MCLAUGHLIN (MN),2021-02-26,,False
DANIEL BUSS MD,RICARD (M1-52-2),MCLAUGHLIN (MN),,,False
DANIEL MARK MD,RICARD (M1-52-2),MCLAUGHLIN (MN),,,False
DAREN WICKUM MD,RICARD (M1-52-2),MCLAUGHLIN (MN),,,False
DARREN LARSON MD,RICARD (M1-52-2),MCLAUGHLIN (MN),,,False
DAVID ANDERSON,RICARD (M1-52-2),MCLAUGHLIN (MN),2021-11-08,,False
DEBORAH JERIKOVSKY DC,RICARD (M1-52-2),MCLAUGHLIN (MN),,,False
DEBORAH SKANSBERG PT,RICARD (M1-52-2),MCLAUGHLIN (MN),,,False
ERICA EICHHOF PT,RICARD (M1-52-2),MCLAUGHLIN (MN),,,False
GARY FETZER MD,RICARD (M1-52-2),MCLAUGHLIN (MN),,,False
GRANT MATHISON MD,RICARD (M1-52-2),MCLAUGHLIN (MN),,,False
GREGORY HILDEBRAND MD,RICARD (M1-52-2),MCLAUGHLIN (MN),2024-01-09,,False
HANS BENGSTON MD,RICARD (M1-52-2),MCLAUGHLIN (MN),2020-11-13,,False
JEFFREY B HUSBAND MD,RICARD (M1-52-2),MCLAUGHLIN (MN),2021-07-20,,False
KENNETH DEAN OLSEN MD,RICARD (M1-52-2),MCLAUGHLIN (MN),,,False
MATTHEW GORMAN MD,RICARD (M1-52-2),MCLAUGHLIN (MN),,,False
MITZI FERNANDEZ MD,RICARD (M1-52-2),MCLAUGHLIN (MN),,,False
NICK ESALA DO CAQ,RICARD (M1-52-2),MCLAUGHLIN (MN),,,False
OWEN ONEIL MD,RICARD (M1-52-2),MCLAUGHLIN (MN),,,False
PHILIP HOFFMAN DO,RICARD (M1-52-2),MCLAUGHLIN (MN),,,False
RICARD (M1-52-2),RICARD (M1-52-2),MCLAUGHLIN (MN),2024-01-09,,False
SCOTT WISSINK MD CAQ,RICARD (M1-52-2),MCLAUGHLIN (MN),,,False
STEVEN QUIRING PT,RICARD (M1-52-2),MCLAUGHLIN (MN),,,False
THOMAS SCHMIDT DC,RICARD (M1-52-2),MCLAUGHLIN (MN),2019-09-19,,False
THOMAS WALSH MD,RICARD (M1-52-2),MCLAUGHLIN (MN),,,False
TIMOTHY ATKINSON PT,RICARD (M1-52-2),MCLAUGHLIN (MN),,,False
YESENIA ALCALA MD,RICARD (M1-52-2),MCLAUGHLIN (MN),2020-08-25,,False
AARON GRAND MD,LOPICCOLO (M1-11-69),ROYLE (PITT),2026-05-14,,False
AARON KIME CRNP/PSSM,HOUSE EAST (M1-21-0),PITT,2020-12-04,,False
AARON MADDAS DC,LOPICCOLO (M1-11-69),ROYLE (PITT),2021-12-10,,False
AARON S HELLMAN PA-C (AHN),HOUSE EAST (M1-21-0),PITT,,,False
ADAM M BUDNY DPM,LOPICCOLO (M1-11-69),ROYLE (PITT),2026-06-15,,False
ADAM SCHWAB PA-C,LOPICCOLO (M1-11-69),ROYLE (PITT),2026-05-04,,False
ALEX KLINE MD,HOUSE EAST (M1-21-0),PITT,2023-09-13,,False
ALEX STAHL PA-C,THAPA (M1-11-31),ROYLE (PA),2025-10-16,,False
ALEXANDER SPIESS MD,THAPA (M1-11-31) / HOUSE EAST (M1-21-0),ROYLE (PITT),2022-04-06,,False
ALEXANDRA ELLWOOD PA-C,HOUSE EAST (M1-21-0),PITT,2023-02-13,,False
ALEXIS PILATO MD *,THAPA (M1-11-31),ROYLE (PA),2026-08-19,,True
ALI MANSOUR (STUDENT),HOUSE EAST (M1-21-0),PITT,,,False
ALICIA GALIS PT,LOPICCOLO (M1-11-69),ROYLE (PITT),2020-03-09,,False
ALISSA PARKER DPM,HOUSE EAST (M1-21-0),PITT,2022-10-14,,False
ALLAN TISSENBAUM MD,THAPA (M1-11-31),ROYLE (PA),2025-08-21,,False
AMANDA SNIDER DPT,HOUSE EAST (M1-21-0),PITT,2020-07-08,,False
AMY HANSEN PT,LOPICCOLO (M1-11-69),ROYLE (PITT),2025-08-21,,False
ANKUR GOSALIA MD *,HINK (M1-11-38),ROYLE (PA),2025-10-17,,True
ANN RUTT CNP,HOUSE EAST (M1-21-0),PITT,2020-05-08,,False
ANNA ELLENBERGER PT DPT,HOUSE EAST (M1-21-0),PITT,2020-04-20,,False
ANNA MATHEW MD (AHN),HOUSE EAST (M1-21-0),PITT,2021-11-11,,False
ANNA PIRLD PT,HOUSE EAST (M1-21-0),PITT,,,False
ANTHONY BONETTO PA,HOUSE EAST (M1-21-0),PITT,,,False
ANTHONY DAMIANO DPT,LOPICCOLO (M1-11-69),ROYLE (PITT),2022-10-24,,False
ANTHONY FERRETTI DO,LOPICCOLO (M1-11-69),ROYLE (PITT),2021-11-15,,False
ANTHONY PETRARCA DC,HOUSE EAST (M1-21-0),PITT,,,False
ATTILA NYILAS PAC *,HOUSE EAST (M1-21-0),PITT,2025-11-05,,True
BARRY MUNN MD,HOUSE EAST (M1-21-0),PITT,2022-08-19,,False
BENTON DAMMEL DC,HOUSE EAST (M1-21-0),PITT,2020-10-07,,False
BENTON HRABE DOT OTR-L,HOUSE EAST (M1-21-0),PITT,2021-02-11,,False
BETSY REESE DO,HOUSE EAST (M1-21-0),PITT,2023-04-18,,False
BRANDON MANSELL DPT,HOUSE EAST (M1-21-0),PITT,2021-11-11,,False
BRANDON TAUBERG MD,HOUSE EAST (M1-21-0),PITT,2022-06-24,,False
BRIAN FRITZ MPT,LOPICCOLO (M1-11-69),ROYLE (PITT),2024-12-05,,False
BRIAN JEWELL MD,HOUSE EAST (M1-21-0),PITT,2024-03-12,,False
BRIAN KELLY MD,LOPICCOLO (M1-11-69),ROYLE (PITT),2023-05-12,,False
BRIAN MUSSETT DPM,LOPICCOLO (M1-11-69),ROYLE (PITT),2021-07-27,,False
BRITTANY GENTRY PT DPT,LOPICCOLO (M1-11-69),ROYLE (PITT),2026-02-16,,False
CARL TYLER MD,HOUSE EAST (M1-21-0),PITT,2020-02-17,,False
CAROLINE A ONEIL PA-C,HOUSE EAST (M1-21-0),PITT,2021-08-18,,False
CAROLYN ENGLE MD,HOUSE EAST (M1-21-0),PITT,2026-01-02,,False
CHLOE A MATTHEWS PA-C (AHN),LOPICCOLO (M1-11-69),ROYLE (PITT),2021-12-08,,False
CHRISTOPHER EMOND MD,LOPICCOLO (M1-11-69),ROYLE (PITT),2024-08-01,,False
CHRISTOPHER LINBERG MD,HOUSE EAST (M1-21-0),PITT,,,False
CHRISTOPHER MAROPIS MD,HINK (M1-11-38) / HOUSE EAST (M1-21-0),ROYLE (PITT),2026-06-05,,False
CHRISTOPHER MARRONE MPT,HOUSE EAST (M1-21-0),PITT,2020-01-28,,False
CHRISTOPHER VARACALLO DO,HOUSE EAST (M1-21-0),PITT,2023-02-03,,False
CHRISTOPHER WHITNEY PA,LOPICCOLO (M1-11-69),ROYLE (PITT),2025-10-22,2022-03-10,False
CLAY DODSON DPT,LOPICCOLO (M1-11-69),ROYLE (PITT),2025-06-03,,False
COLIN GUNDLING DPT,HOUSE EAST (M1-21-0),PITT,2021-09-01,,False
CONNER GERHARD PA,HOUSE EAST (M1-21-0),PITT,2022-02-21,,False
CORRINE PALOTAS CRNP,HOUSE EAST (M1-21-0),PITT,2022-04-26,,False
COURTNEY OBERLANDER PA,HOUSE EAST (M1-21-0),PITT,,2022-04-13,False
CRAIG GIGER PA-C (AHN),LOPICCOLO (M1-11-69),ROYLE (PITT),2026-08-13,,False
CRAIG MURPHY DO,HOUSE EAST (M1-21-0),PITT,2022-02-11,,False
CRAIG WATKINS PT,HOUSE EAST (M1-21-0),PITT,2022-06-03,,False
CURT CONRY MD,THAPA (M1-11-31),ROYLE (PA),2026-08-07,2022-03-23,False
DANIEL F LEIGEY MD,LOPICCOLO (M1-11-69),ROYLE (PITT),2023-05-23,,False
DANIEL JANIAK DO,HOUSE EAST (M1-21-0),PITT,2022-04-06,,False
DANIEL PRIMM PT,HOUSE EAST (M1-21-0),PITT,2022-08-25,,False
DANIEL T ALTMAN MD (AHN),HINK (M1-11-38),ROYLE (PA),2021-11-10,,False
DARREN FRANK MD,LOPICCOLO (M1-11-69),ROYLE (PITT),2026-07-20,,False
DARRICK MASON DC,THAPA (M1-11-31),ROYLE (PA),2025-07-11,,True
DAVID DECHELLIS DO *,HINK (M1-11-38),ROYLE (PA),2025-06-12,2022-05-23,True
DAVID FURLONG DC,HOUSE EAST (M1-21-0),PITT,2021-11-10,2022-03-30,False
DAVID GARY DPT,HOUSE EAST (M1-21-0),PITT,2020-06-05,,False
DAVID GERMAN MD (AHN),HOUSE EAST (M1-21-0),PITT,,,False
DAVID OLIVER-SMITH MD,HOUSE EAST (M1-21-0),PITT,2020-07-09,,False
DAVID PROVENZANO MD,HINK (M1-11-38),ROYLE (PA),2021-09-09,,False
DAVID SCHIFF MD,HOUSE EAST (M1-21-0),PITT,2021-11-12,,False
DEANNA GREGORY RPT,HOUSE EAST (M1-21-0),PITT,2021-06-24,,False
DENNIS BUCKINGHAM RPT,LOPICCOLO (M1-11-69),ROYLE (PITT),2023-04-14,,False
DENNIS PHILLIPS MD (AHN),LOPICCOLO (M1-11-69),ROYLE (PITT),2026-05-26,,False
DEREK THOMAS MD *,HINK (M1-11-38),ROYLE (PA),2026-08-25,,True
DEVON DURMAN DPT,HOUSE EAST (M1-21-0),PITT,2021-09-20,,False
DMITRI VASSILIEV MD (AHN),HINK (M1-11-38) / HOUSE EAST (M1-21-0),ROYLE (PITT),2021-10-21,,False
DOMINIC VANCHIERI,LOPICCOLO (M1-11-69) / HOUSE EAST (M1-21-0),ROYLE (PITT),2026-01-09,,False
DOUGLAS TICE MD,HOUSE EAST (M1-21-0),PITT,2022-06-08,,False
EDWARD BIRDSONG MD,HOUSE EAST (M1-21-0),PITT,2023-11-01,,False
EDWARD HERES MD,HOUSE EAST (M1-21-0),PITT,2021-06-11,,False
EDWARD POON MD,LOPICCOLO (M1-11-69),ROYLE (PITT),2021-09-22,,False
EDWARD WESTRICK MD,LOPICCOLO (M1-11-69),ROYLE (PITT),2023-06-12,,False
ELIZABETH SCHWARTZ DPM,HOUSE EAST (M1-21-0),PITT,2021-06-17,,False
ERIC CHEN MD,HOUSE EAST (M1-21-0),PITT,2022-06-20,,False
ERIC OBERG OTA - CANNOT SIGN RX !!!,HOUSE EAST (M1-21-0),PITT,2021-11-01,,False
ERIC PRITTS PA,HOUSE EAST (M1-21-0),PITT,2022-05-03,,False
EUGENE BONAROTI MD,HINK (M1-11-38),ROYLE (PA),2021-03-04,,False
FRANK BARWELL OTR CCHT,HOUSE EAST (M1-21-0),PITT,2020-06-16,,False
FRANKLIN CHOU MD,HOUSE EAST (M1-21-0),PITT,2024-05-03,,False
GARRETT YOUNG DC,HOUSE EAST (M1-21-0),PITT,,,False
GENEEN DASHEFSKY DO,HOUSE EAST (M1-21-0),PITT,2019-11-21,,False
GEORGE HESS PT,LOPICCOLO (M1-11-69),ROYLE (PITT),2023-01-03,,False
GERSON FLOREZ MD,LIPUT (M1-21-08),ROYLE (PA),2019-11-12,,False
GLENN A BUTERBAUGH MD,LOPICCOLO (M1-11-69),ROYLE (PITT),2026-05-14,,False
GREGORY ALTMAN,LOPICCOLO (M1-11-69),ROYLE (PITT),2024-10-04,,False
GREGORY CHRISTIANSEN MD,HOUSE EAST (M1-21-0),PITT,2024-04-18,,False
GREGORY VANPEURSEM PA-C,HOUSE EAST (M1-21-0),PITT,2021-05-18,,False
GRICE DC,HOUSE EAST (M1-21-0),PITT,,,False
HEIDI SCHEMPER OT,HOUSE EAST (M1-21-0),PITT,2021-01-29,,False
HUNTER BIGLER DPT,HOUSE EAST (M1-21-0),PITT,2020-08-12,,False
IAN QUINN DO,HOUSE EAST (M1-21-0),PITT,2024-05-24,,False
ISAAC GREELEY DC,HOUSE EAST (M1-21-0),PITT,2025-02-20,,False
IZHA RHAQUE MD,HOUSE EAST (M1-21-0),PITT,,,True
JAMES IRVINE JR MD,HOUSE EAST (M1-21-0),PITT,2024-01-29,,False
JAMES JOHNSON MD,HOUSE EAST (M1-21-0),PITT,2024-05-28,,False
JAMES SFERRA MD (AHN),LOPICCOLO (M1-11-69),ROYLE (PITT),2023-06-07,,False
JAMES YOUNG MPT,HOUSE EAST (M1-21-0),PITT,,,False
JAMIE JOHNSON PT,HOUSE EAST (M1-21-0),PITT,,,False
JAMIE YOUNG PT,HINK (M1-11-38),ROYLE (PA),,,False
JAN GRUDZIAK,HOUSE EAST (M1-21-0),PITT,2021-10-07,,False
JAN POMIECKO MD,HOUSE EAST (M1-21-0),PITT,2020-05-27,,False
JARED M RAMSEY DO (AHN),LOPICCOLO (M1-11-69),ROYLE (PITT),2026-07-30,,False
JAROD JOHN MD,ROYLE (M1-11),ROYLE (PITT),2021-04-21,,False
JASON BALOGH PT,HOUSE EAST (M1-21-0),PITT,,,False
JASON CLARK DO,HINK (M1-11-38),ROYLE (PA),2026-07-06,,False
JASON JACOBS DC,HOUSE EAST (M1-21-0),PITT,,,False
JASON M FRONCZAK DO,LOPICCOLO (M1-11-69) / HOUSE EAST (M1-21-0),ROYLE (PITT),2021-09-21,,True
JAY DEIMEL MD,LOPICCOLO (M1-11-69),ROYLE (PITT),2025-11-30,,False
JAY KIESSLING MD,HOUSE EAST (M1-21-0),PITT,,,False
JAY KING MD,LIPUT (M1-21-08),ROYLE (PA),2023-12-28,,False
JEFF PETERSON PT,HOUSE EAST (M1-21-0),PITT,,,False
JEFFREY D WILLIAMS PT,HOUSE EAST (M1-21-0),PITT,2020-10-28,,False
JEFFREY HOMER DPT,LOPICCOLO (M1-11-69),ROYLE (PITT),2022-09-19,,False
JEFFREY MICHAEL DPM,THAPA (M1-11-31) / HOUSE EAST (M1-21-0),ROYLE (PITT),2024-09-24,2022-03-30,False
JEFFREY N KANN MD,HOUSE EAST (M1-21-0),PITT,2023-09-29,,False
JEFFREY SEWECKE DO,LOPICCOLO (M1-11-69),ROYLE (PITT),2025-07-01,,False
JEFFREY SORKIN DC,HOUSE EAST (M1-21-0),PITT,2020-08-26,,False
JENNA HAAF CRNP,HINK (M1-11-38),ROYLE (PA),2026-02-12,,False
JENNA MOLCZAN DPT,HOUSE EAST (M1-21-0),PITT,2020-09-11,,False
JENNIFER JANNOTTI PA-C,LOPICCOLO (M1-11-69),ROYLE (PITT),2022-03-25,,False
JENNIFER MICHAEL DPM,HOUSE EAST (M1-21-0),PITT,2022-03-31,,False
JEREMIAH ALTMAN PA-C/PSSM *,THAPA (M1-11-31),ROYLE (PA),,2022-03-31,True
JEREMY POTTER PA-C,HOUSE EAST (M1-21-0),PITT,2019-11-08,2022-04-11,True
JEROME DERISO MPT,LOPICCOLO (M1-11-69),ROYLE (PITT),2021-01-15,,True
JERRY THOMAS PA-C,HOUSE EAST (M1-21-0),PITT,2019-12-05,,False
JESSICA BROOKS CRNP,HOUSE EAST (M1-21-0),PITT,2022-07-25,,False
JOAN MAK DO,HOUSE EAST (M1-21-0),PITT,2022-08-05,,False
JOCELYN IDEMA DO *,HINK (M1-11-38),ROYLE (PA),2025-09-08,,True
JOHN DUPAIX MD,LOPICCOLO (M1-11-69),ROYLE (PITT),2022-11-15,,False
JOHN EVANS DPT,HOUSE EAST (M1-21-0),PITT,2022-10-18,,False
JOHN KUSHNER PT,HINK (M1-11-38),ROYLE (PA),2020-09-17,,False
JOHN LUBAHN MD,LOPICCOLO (M1-11-69),ROYLE (PITT),2025-08-20,,False
JOHN RANDAZZO MD,HOUSE EAST (M1-21-0),PITT,2021-10-11,,True
JOHN RICHMOND MD,HINK (M1-11-38),ROYLE (PA),2024-08-30,,False
JOHN RINALDI MD (AHN),LOPICCOLO (M1-11-69),ROYLE (PITT),2025-10-14,,False
JONATHAN BURNS PA-C,HOUSE EAST (M1-21-0),PITT,2019-12-19,,False
JONATHAN FINKEL PA-C,HINK (M1-11-38) / HOUSE EAST (M1-21-0),ROYLE (PITT),2024-10-10,,False
JONATHAN JIANCRISTOFORO PT,HOUSE EAST (M1-21-0),PITT,2021-11-12,,False
JONATHAN STEIN DC,HOUSE EAST (M1-21-0),PITT,,,False
JORGE RIVERO-BECERRA MD,HINK (M1-11-38) / HOUSE EAST (M1-21-0),ROYLE (PITT),2024-10-08,,False
JOSEPH ALTIER DC,HOUSE EAST (M1-21-0),PITT,2020-11-19,,False
JOSEPH GOODWIN DPM,THAPA (M1-11-31) / HOUSE EAST (M1-21-0),ROYLE (PITT),2021-03-18,,False
JOSEPH LAYUG MD,HOUSE EAST (M1-21-0),PITT,2020-03-12,,False
JOSEPH SCANLAN PT,LOPICCOLO (M1-11-69),ROYLE (PITT),2025-01-27,,False
JOSHUA EVANS DC,HOUSE EAST (M1-21-0),PITT,2023-03-10,,False
JOSHUA TUCK DO,LOPICCOLO (M1-11-69),ROYLE (PITT),2026-04-02,2022-03-22,False
JUDY WESOLOWSKI MD,HOUSE EAST (M1-21-0),PITT,,,False
JULIETTE COPPA DPM,HOUSE EAST (M1-21-0),PITT,2021-01-21,,False
JUNG-WOO MA MD,HOUSE EAST (M1-21-0),PITT,2020-01-24,,False
JUSTIN HEGEDUS PT DPT,HOUSE EAST (M1-21-0),PITT,2021-07-30,,False
JUSTIN KRAJCA MD,HOUSE EAST (M1-21-0),PITT,2021-05-07,,False
JUSTIN SHEBA DO,THAPA (M1-11-31),ROYLE (PA),2026-08-12,,False
JUSTIN ZENNER DO,THAPA (M1-11-31) / HOUSE EAST (M1-21-0),ROYLE (PITT),2021-06-08,,False
KAREN GUTH DPT,HOUSE EAST (M1-21-0),PITT,2021-12-14,,False
KATHRYN CONTEL PT DPT,HOUSE EAST (M1-21-0),PITT,2022-03-30,,False
KATIE BOWSER DPT,HOUSE EAST (M1-21-0),PITT,2022-09-29,,False
KATINA FETSKO CRNP/PSSM,HOUSE EAST (M1-21-0),PITT,2021-10-12,,False
KATLYNN WHITE FNP BC,HOUSE EAST (M1-21-0),PITT,,,False
KAYLA BEATTY PA-C,HOUSE EAST (M1-21-0),PITT,2023-04-20,,False
KAYLA OMALLEY DPM,HOUSE EAST (M1-21-0),PITT,,,False
KAYLA WILT CRNP,LOPICCOLO (M1-11-69),ROYLE (PITT),2023-04-25,,False
KEITH BAUMGARTEN MD,HOUSE EAST (M1-21-0),PITT,2021-07-29,,False
KELCI OLLIO DPT,THAPA (M1-11-31) / HOUSE EAST (M1-21-0),ROYLE (PITT),2023-05-05,,False
KELLY BARKI DO,HOUSE EAST (M1-21-0),PITT,2020-07-13,,False
KELLY OSTERRIEDER DPT,HOUSE EAST (M1-21-0),PITT,2021-06-29,,False
KELSEY LAUGHERY PA-C,HOUSE EAST (M1-21-0),PITT,2021-12-17,,False
KELSEY VANVOLKENBURG PT DPT,HOUSE EAST (M1-21-0),PITT,2021-04-06,,False
KENNETH DIDDLE PA-C,LOPICCOLO (M1-11-69),ROYLE (PITT),2026-02-03,,False
KENNETH MOLINERO DO,HOUSE EAST (M1-21-0),PITT,2022-07-01,,True
KEVIN GREEN PA,LOPICCOLO (M1-11-69),ROYLE (PITT),2021-08-20,,False
KEVIN TYER PT,HOUSE EAST (M1-21-0),PITT,2023-12-18,,False
KEVIN WONG MD,LOPICCOLO (M1-11-69),ROYLE (PITT),2021-05-17,2022-03-22,False
KEVIN ZITNAY MD,HINK (M1-11-38),ROYLE (PA),2023-01-04,,False
KIMBERLEE HOBIZAL DPM,HINK (M1-11-38) / HOUSE EAST (M1-21-0),ROYLE (PITT),2023-05-24,,False
KOLBY MUMAU DC,HOUSE EAST (M1-21-0),PITT,2020-03-13,,False
KRISTIN LYNN STRANNIGAN DPM,HOUSE EAST (M1-21-0),PITT,2021-11-16,,False
LANVIN TAYLOR DO,HOUSE EAST (M1-21-0),PITT,2020-03-12,2022-04-22,False
LAUREN BROWN PA (AHN),LOPICCOLO (M1-11-69),ROYLE (PITT),2025-12-10,,False
LAUREN TEWES PA-C,HOUSE EAST (M1-21-0),PITT,2022-11-01,,False
LAUREN TILLMAN PT,HOUSE EAST (M1-21-0),PITT,2021-06-28,,False
JON LEVY MD/GPOA,HINK (M1-11-38),ROYLE (PA),2024-10-29,,False
LINDSEY NIES PT,HOUSE EAST (M1-21-0),PITT,2019-08-23,,False
LOUIS MASCARI PT,HOUSE EAST (M1-21-0),PITT,2021-03-19,,False
MADALYN HOKE PA-C,HOUSE EAST (M1-21-0),PITT,,,False
MAISIE HWANG MD,HOUSE EAST (M1-21-0),PITT,2024-03-21,,False
MAMOON RASHEED DO,HINK (M1-11-38),ROYLE (PA),2024-10-15,,False
MARCIE LAUZON PA,HOUSE EAST (M1-21-0),PITT,,,False
MARCO ALCALA MD (AHN) *,LOPICCOLO (M1-11-69),ROYLE (PITT),2026-08-24,,True
MARGOT WALDMAN DPM,HOUSE EAST (M1-21-0),PITT,2020-07-17,2022-03-24,False
MARK BARATZ MD,LOPICCOLO (M1-11-69),ROYLE (PITT),2025-06-06,,False
MARK HOFBAUER DPM,HOUSE EAST (M1-21-0),PITT,2021-03-29,,False
MARK RODOSKY MD,HOUSE EAST (M1-21-0),PITT,2021-09-10,,False
MARK WELLS NP,HOUSE EAST (M1-21-0),PITT,2021-07-14,,False
MARLEY SHOVLIN PA-C,LOPICCOLO (M1-11-69),ROYLE (PITT),2026-01-08,,False
MARSHALL BALK MD,HOUSE EAST (M1-21-0),PITT,,,True
MARTINA KONDAS DPT,HOUSE EAST (M1-21-0),PITT,2021-12-14,,False
MARY BETH CERMAK MD,LOPICCOLO (M1-11-69),ROYLE (PITT),2022-04-19,,False
MARY JANE CHIASSON DO,HOUSE EAST (M1-21-0),PITT,2021-07-14,,False
MATTHEW BAIR DPT,THAPA (M1-11-31),ROYLE (PA),2026-07-01,,False
MATTHEW BIANCO DPM,HOUSE EAST (M1-21-0),PITT,,,False
MATTHEW BINKLEY MD,HOUSE EAST (M1-21-0),PITT,2022-02-03,,False
MATTHEW BOLOGNA MD,LOPICCOLO (M1-11-69),ROYLE (PITT),2025-07-01,,False
MATTHEW BROECKELMAN PT,HOUSE EAST (M1-21-0),PITT,2020-05-20,2022-04-25,False
MATTHEW BRUSH DC/THE REHAB CENTRE,HOUSE EAST (M1-21-0),PITT,2019-03-15,,False
MATTHEW ESPENSHADE DO,HOUSE EAST (M1-21-0),PITT,2020-07-29,,False
MATTHEW R FLANAGAN DO (AHN),LOPICCOLO (M1-11-69) / HOUSE EAST (M1-21-0),ROYLE (PITT),2026-02-23,,False
MATTHEW TRACEY PT,HINK (M1-11-38),ROYLE (PA),2023-05-08,,False
MATTHEW VARACALLO MD,HOUSE EAST (M1-21-0),PITT,2022-11-14,,False
MATTHEW W WENSEL PT,HOUSE EAST (M1-21-0),PITT,2020-09-18,,False
MATTHEW WRIGHT DO,HOUSE EAST (M1-21-0),PITT,2020-07-01,,False
MEGAN SUCHSLAND DPT,HOUSE EAST (M1-21-0),PITT,2021-04-28,,False
MEGAN ZIMMER PA-C,LOPICCOLO (M1-11-69),ROYLE (PITT),2025-03-18,,False
MELANIE CHANDLER CRNP,HOUSE EAST (M1-21-0),PITT,2023-12-14,,False
MELISSA ROSCHER MD,LOPICCOLO (M1-11-69) / HOUSE EAST (M1-21-0),ROYLE (PITT),2025-07-18,,False
MICHAEL DONNELL PT DPT,HOUSE EAST (M1-21-0),PITT,2020-09-14,,False
MICHAEL GHASSIBI DO *,HINK (M1-11-38),ROYLE (PA),2025-11-13,,True
MICHAEL RYTEL MD,HINK (M1-11-38),ROYLE (PA),2025-04-10,2022-04-27,False
MICHAEL WONG DO,LOPICCOLO (M1-11-69),ROYLE (PITT),2020-08-04,,False
MICHELLE WILKINS MPT/PHOENIX,HOUSE EAST (M1-21-0),PITT,2019-12-13,,False
MILTON KLEIN DO,HOUSE EAST (M1-21-0),PITT,,,False
MORGAN BAXTER DPM,THAPA (M1-11-31),ROYLE (PA),2026-07-01,,False
NAUSHAD PYARALI BANANI DPM,HOUSE EAST (M1-21-0),PITT,2021-08-12,,False
NICHOLAS BONAZZA MD (AHN),HOUSE EAST (M1-21-0),PITT,2022-09-19,,False
NICHOLAS CICCONE PA-C,HINK (M1-11-38) / HOUSE EAST (M1-21-0),ROYLE (PITT),2025-01-16,,False
NICHOLAS KUBIK MD *,LOPICCOLO (M1-11-69),ROYLE (PITT),2026-05-26,,True
NICHOLAS LIMANO PA-C,HOUSE EAST (M1-21-0),PITT,,,False
NICK LOPEZ PT,LOPICCOLO (M1-11-69),ROYLE (PITT),2025-09-23,,False
NICK STEFENOVSKI MD,HOUSE EAST (M1-21-0),PITT,2023-03-08,,False
NICOLE AMBROSE DPT,HOUSE EAST (M1-21-0),PITT,2022-11-16,,False
NICOLE HALFORD PA-C,HOUSE EAST (M1-21-0),PITT,2021-06-11,,False
NICOLE L HAAS PA-C,HOUSE EAST (M1-21-0),PITT,2021-05-04,,False
NICOLETTE INGEL PT DPT,HOUSE EAST (M1-21-0),PITT,2021-05-24,,False
NISHANT GANDHI DO,HINK (M1-11-38),ROYLE (PA),2026-08-07,,False
ORIENTE DITANO MD *,HINK (M1-11-38) / HOUSE EAST (M1-21-0),ROYLE (PITT),2025-05-22,,True
PATRICK MARK O'BRIEN MD,HOUSE EAST (M1-21-0),PITT,2021-04-28,,False
PATRICK MCCULLOCH MD,LOPICCOLO (M1-11-69),ROYLE (PITT),2025-09-23,,False
PAUL DEJONG MD,HOUSE EAST (M1-21-0),PITT,2021-11-18,,False
PAUL PONGOR MD,HOUSE EAST (M1-21-0),PITT,2023-10-31,,False
PAUL ROLLINS,HOUSE EAST (M1-21-0),PITT,2021-08-23,,False
PETER HARPER DPM,HOUSE EAST (M1-21-0),PITT,2022-07-26,,False
PETER TANG MD,LOPICCOLO (M1-11-69) / HOUSE EAST (M1-21-0),ROYLE (PITT),2023-12-06,,False
RACHEL ESPOSITO DO,HOUSE EAST (M1-21-0),PITT,,,False
RACHEL PASTOREK PA-C,HOUSE EAST (M1-21-0),PITT,,,False
RALPH PETRARCA DC,HOUSE EAST (M1-21-0),PITT,2024-01-09,,False
RAVI VED DO *,LOPICCOLO (M1-11-69) / HOUSE EAST (M1-21-0),ROYLE (PITT),2026-08-21,,True
RICHARD PLOWEY MD,LOPICCOLO (M1-11-69),ROYLE (PITT),2026-08-25,,False
RICHARD ROSS,HOUSE EAST (M1-21-0),PITT,2022-03-01,,False
RICHARD SCHEURING MD,HOUSE EAST (M1-21-0),PITT,2024-10-08,,False
RICHARD VAGLIENTI MD,HINK (M1-11-38) / HOUSE EAST (M1-21-0),ROYLE (PITT),2021-10-11,,False
RICK ROHLAND PT,HOUSE EAST (M1-21-0),PITT,2023-07-20,,False
ROBERT BRABENDER MD (AHN),LOPICCOLO (M1-11-69) / HOUSE EAST (M1-21-0),ROYLE (PITT),,,False
ROBERT DALE PA-C,HINK (M1-11-38),ROYLE (PA),2024-12-12,,False
ROBERT FISHMAN MD,HOUSE EAST (M1-21-0),PITT,2021-11-11,,False
ROBERT GOITZ MD,LOPICCOLO (M1-11-69),ROYLE (PITT),2023-01-17,,False
ROBERT LIPKE DPT,HOUSE EAST (M1-21-0),PITT,2020-08-10,,False
ROBERT LUPO MD (AHN),HOUSE EAST (M1-21-0),PITT,,,False
ROBERT SCHILKEN MD,HOUSE EAST (M1-21-0),PITT,2025-09-02,,False
ROD RODRIGUEZ PT DPT,HOUSE EAST (M1-21-0),PITT,2020-08-20,,False
ROYLE (M1-11),ROYLE (M1-11),ROYLE (PITT),2024-12-10,,False
RYAN KONEK PA-C,LOPICCOLO (M1-11-69) / HOUSE EAST (M1-21-0),ROYLE (PITT),2026-03-02,,False
RYAN LIVINGSTON DC,HOUSE EAST (M1-21-0),PITT,2021-09-17,,False
RYAN SAUBER MD,HINK (M1-11-38) / HOUSE EAST (M1-21-0),ROYLE (PITT),2026-08-25,,False
RYAN WILLIAMS PA-C,HINK (M1-11-38),ROYLE (PA),2026-04-27,,False
SAM AKHAVAN MD (AHN),LOPICCOLO (M1-11-69),ROYLE (PITT),2026-07-09,,False
SAMANTHA LESS PA-C,HOUSE EAST (M1-21-0),PITT,2024-04-08,,False
SARAH DAMBRA DPT,HOUSE EAST (M1-21-0),PITT,2022-11-18,,False
SARAH STILLMAN PT,HOUSE EAST (M1-21-0),PITT,2022-09-07,,False
SCOTT A WISE DPT,HOUSE EAST (M1-21-0),PITT,2021-07-08,,False
SCOTT LESLIE MD MPH,LOPICCOLO (M1-11-69),ROYLE (PITT),2022-07-13,,False
SCOTT RAINEY DO,HINK (M1-11-38),ROYLE (PA),2024-09-23,,False
SCOTT RENS MD,HOUSE EAST (M1-21-0),PITT,2021-01-14,,False
SCOTT SCHWEIZER MD (AHN),LOPICCOLO (M1-11-69) / HOUSE EAST (M1-21-0),ROYLE (PITT),2026-07-27,,False
SEAN SETH PT,HOUSE EAST (M1-21-0),PITT,2020-11-03,,False
SHALEN KOUK MD,HOUSE EAST (M1-21-0),PITT,2022-08-02,,False
SHANE PETERSON PT DPT,HOUSE EAST (M1-21-0),PITT,2026-03-19,,False
SHANNON YOUNG PT,HOUSE EAST (M1-21-0),PITT,2020-09-21,,False
SHANTAE SEIFERT PA-C,LOPICCOLO (M1-11-69),ROYLE (PITT),2026-04-14,,False
SHELLY COTE APRN,HOUSE EAST (M1-21-0),PITT,2020-10-20,,False
SOPHIE HANNA MD,HOUSE EAST (M1-21-0),PITT,2019-12-18,,False
STACEY STOCKUNAS,HOUSE EAST (M1-21-0),PITT,2021-08-10,,False
STEFAN GETZIK DC,THAPA (M1-11-31) / HOUSE EAST (M1-21-0),ROYLE (PITT),2022-03-18,,False
STEPHEN R HRIBAR MD (AHN),LOPICCOLO (M1-11-69),ROYLE (PITT),2023-08-24,,False
STEVEN HAND DO,HINK (M1-11-38),ROYLE (PA),2024-11-08,,False
STEVEN J MCKEAN PA-C,LOPICCOLO (M1-11-69) / HOUSE EAST (M1-21-0),ROYLE (PITT),2026-06-18,,False
STEVEN ODONNELL DO,LOPICCOLO (M1-11-69),ROYLE (PITT),2026-02-23,,False
STEVEN REGAL MD (AHN),LOPICCOLO (M1-11-69),ROYLE (PITT),2026-07-27,,False
STEVEN TEITEL PT,HOUSE EAST (M1-21-0),PITT,2019-08-30,,False
SUDHIR RAO MD/PSSM *,THAPA (M1-11-31),ROYLE (PA),2026-04-27,,True
TARA THOMFORDE DC,HOUSE EAST (M1-21-0),PITT,,,False
TAYLOR BUCHANAN DPT,LOPICCOLO (M1-11-69),ROYLE (PITT),2023-01-19,,False
TAYLOR CURFMAN DPT,HOUSE EAST (M1-21-0),PITT,2020-11-03,,False
TEIMOURI DPM,HINK (M1-11-38) / HOUSE EAST (M1-21-0),ROYLE (PITT),,,False
THERESA COVELLO DO,HOUSE EAST (M1-21-0),PITT,2020-10-29,,False
THOMAS HERMAN PT DPT,HINK (M1-11-38),ROYLE (PA),2024-11-25,,False
THOMAS WRIGHT MD,LIPUT (M1-21-08),ROYLE (PA),2023-09-11,,False
TIMOTHY JACKSON MD,HOUSE EAST (M1-21-0),PITT,2021-05-04,,False
TIMOTHY JONES NP,HOUSE EAST (M1-21-0),PITT,2022-06-06,,False
TIMOTHY RODAK DPT,HOUSE EAST (M1-21-0),PITT,2023-08-28,,False
TOM CHATHAM PA-C,HOUSE EAST (M1-21-0),PITT,,,False
TOMMIE BERRY JR MD,HINK (M1-11-38),ROYLE (PA),2022-10-31,,False
TRACY L POPEY MD,LOPICCOLO (M1-11-69),ROYLE (PITT),2023-01-03,2022-06-08,False
TRAVIS BAUGHMAN DPT,HOUSE EAST (M1-21-0),PITT,2020-06-29,,False
TROY ZACHERL DC,HOUSE EAST (M1-21-0),PITT,,,False
TYLER MEIER DPT,HOUSE EAST (M1-21-0),PITT,2021-05-25,,False
VANESSA NIEMEYER PT,HOUSE EAST (M1-21-0),PITT,2021-02-25,,False
VICTOR PRISK MD,HOUSE EAST (M1-21-0),PITT,2021-05-26,,False
VICTORIA LAVERY PT DPT,HOUSE EAST (M1-21-0),PITT,,,False
VICTORIA SCHUSTER PT,HOUSE EAST (M1-21-0),PITT,2020-02-20,,False
VINCENT MORREALE DC,HOUSE EAST (M1-21-0),PITT,2022-04-21,,False
VINCENT VENA MD,LOPICCOLO (M1-11-69),ROYLE (PITT),,,False
WALUKIEWICZ DC,HOUSE EAST (M1-21-0),PITT,,2022-04-22,False
WILLIAM CHURMA DC,HOUSE EAST (M1-21-0),PITT,2020-07-14,,False
WILLIAM LAPSLEY CRNP,HINK (M1-11-38) / HOUSE EAST (M1-21-0),ROYLE (PITT),2023-10-05,,False
WILLIAM LIVINGSTON MD,HOUSE EAST (M1-21-0),PITT,2023-09-12,,False
WILLIAM TIMOTHY BALLARD MD,HOUSE EAST (M1-21-0),PITT,,,False
YEHUDA FISHFELD MD,HOUSE EAST (M1-21-0),PITT,,,False
YI YAN HONG MD,THAPA (M1-11-31),ROYLE (PA),2025-06-26,,False
ZACHARY BLAHOVEC PT DPT,HOUSE EAST (M1-21-0),PITT,2020-07-14,,False
ZHENG WANG MD (AHN),HOUSE EAST (M1-21-0),PITT,2021-05-26,,False
HEATHER D'AGOSTA DPT,HOUSE WEST (M1-21-2),MICH,2023-10-04,,False
DANIEL LANG PT DPT,RUBIN (M1-22-6),CRYOMEDIC (NJ),2021-12-15,,False
DAVID RATLIFF MD,RUBIN (M1-22-6),CRYOMEDIC (NJ),,,False
JOHN M OWENS MD,RUBIN (M1-22-6),CRYOMEDIC (NJ),,,False
JOSEPH MARSICANO MD,RUBIN (M1-22-6),CRYOMEDIC (NJ),2022-01-13,,False
KAVITA GUPTA DO,RUBIN (M1-22-6),CRYOMEDIC (NJ),2021-05-13,,False
LAURA DIGIOIA DPT,RUBIN (M1-22-6),CRYOMEDIC (NJ),2020-12-04,,False
LAWRENCE BECHT PA-C,RUBIN (M1-22-6),CRYOMEDIC (NJ),2022-09-02,,False
LORRAINE STERN MD,RUBIN (M1-22-6),CRYOMEDIC (NJ),,,False
NASSER ANI MD,RUBIN (M1-22-6),CRYOMEDIC (NJ),2021-08-12,,False
ORIN ATLAS MD,RUBIN (M1-22-6),CRYOMEDIC (NJ),2022-12-08,,False
PETER DENOBLE MD,RUBIN (M1-22-6),CRYOMEDIC (NJ),,,False
RAJAN GUPTA MD,RUBIN (M1-22-6),CRYOMEDIC (NJ),2021-04-29,,False
REHAN S SHAMIM MD,RUBIN (M1-22-6),CRYOMEDIC (NJ),,,False
ROBERT WARKALA DMP,RUBIN (M1-22-6),CRYOMEDIC (NJ),2022-06-03,,False
RUBIN (M1-22-6),RUBIN (M1-22-6),CRYOMEDIC (NJ),2022-12-08,,False
SRIPAD DHAWLIKAR MD,RUBIN (M1-22-6),CRYOMEDIC (NJ),2022-03-31,,False
STEVEN BERNSTEIN DPM FACFAS,RUBIN (M1-22-6),CRYOMEDIC (NJ),2022-05-06,,False
STEVEN KIRSHNER MD,RUBIN (M1-22-6),CRYOMEDIC (NJ),2020-02-19,,False
TEJA KARUKONDAL MD,RUBIN (M1-22-6),CRYOMEDIC (NJ),,,False
AARON RAESTAS DPM,SPEARMAN (M1-85-9),HUNTSINGER (IL),2024-10-03,,False
ALLI CHEMMACHEL PA-C,SPEARMAN (M1-85-9),HUNTSINGER (IL),2024-05-24,,False
ALLI JOY CHEMMACHEL PA-C,SPEARMAN (M1-85-9),HUNTSINGER (IL),2024-04-17,,False
AMER HOSAIN DPM,SPEARMAN (M1-85-9),HUNTSINGER (IL),2024-02-02,,False
ANTHONY SPITZ MD,SPEARMAN (M1-85-9),HUNTSINGER (IL),2024-05-28,,False
CARLOS SMITH DPM,SPEARMAN (M1-85-9),HUNTSINGER (IL),2025-03-07,,False
DANIEL JUAREZ PA-C,CHRISTENSEN (M1-19-20),ZARNDT (IL),2026-06-10,,False
DAVID A GERST DPM,HOUSE EAST (M1-21-0),PITT,2025-04-14,,False
DAVID GELBMANN DPM *,CHRISTENSEN (M1-19-20),ZARNDT (IL),2026-07-31,,True
G BRADLEY BOOKATZ MD,SPEARMAN (M1-85-9),HUNTSINGER (IL),2024-06-18,,False
HARDEEP MINHAS DPM,HOUSE WEST (M1-21-2),MICH,2024-12-16,,False
JACOB RICHEY DPM,SPEARMAN (M1-85-9),HUNTSINGER (IL),2024-03-01,,False
JOEL ANDERSON DPM *,LONG (M1-21-22),ZARNDT (IL),2026-02-03,2022-05-23,True
JONDELLE JENKINS DPM,SPEARMAN (M1-85-9),HUNTSINGER (IL),2024-08-07,,False
KHALID HUSAIN DPM,SPEARMAN (M1-85-9),HUNTSINGER (IL),2023-11-03,,False
KYLE PEARSON DPM,SPEARMAN (M1-85-9),HUNTSINGER (IL),2023-03-06,,False
MICHAEL CHIOFFE MD,SPEARMAN (M1-85-9),HUNTSINGER (IL),2024-12-12,,False
MICHAEL DICHOSO DPM,CHRISTENSEN (M1-19-20),ZARNDT (IL),2026-08-07,,False
REBECCA KUO MD,SPEARMAN (M1-85-9),HUNTSINGER (IL),2023-04-05,,False
ROBERT GERBER DPM,SPEARMAN (M1-85-9),HUNTSINGER (IL),2023-12-18,,False
ROBERT WILLIAMS MD,SPEARMAN (M1-85-9),HUNTSINGER (IL),2022-11-07,,False
RYAN PIZINGER MD,SPEARMAN (M1-85-9),HUNTSINGER (IL),2022-11-09,,False
STEVEN CHANDLER DO (1),CHRISTENSEN (M1-19-20),ZARNDT (IL),2026-07-08,,False
TAYEB HUSSAIN DPM,SPEARMAN (M1-85-9),HUNTSINGER (IL),2024-07-10,,False
ZANE QURESHI DPM,SPEARMAN (M1-85-9),HUNTSINGER (IL),2024-02-02,,False
THE JOINT CONSULTING GROUP (NY),THE JOINT CONSULTING GROUP (NY),#N/A,2020-05-11,,False
VENOUS STOREFRONT (OH),VENOUS STOREFRONT (OH),#N/A,,,False
MARK ROGERS MD,YANCEY (M1-11-15-1),MCLAUGHLIN (AL),2022-08-18,,False
TYLER MARSHALL MD,YANCEY (M1-11-15-1),MCLAUGHLIN (AL),2022-12-13,,False
YANCEY (M1-11-15-1),YANCEY (M1-11-15-1),MCLAUGHLIN (AL),2022-12-13,,False
AARON MEGAZZI DPT,HOUSE WEST (M1-21-2),MICH,2023-03-16,,False
ABDALMAJID KATRANJI MD,HOUSE WEST (M1-21-2),MICH,2026-08-10,,False
ADAM CHARCHAN DPT,HOUSE WEST (M1-21-2),MICH,2024-10-25,,False
AFSHAN KHAN DO,HOUSE WEST (M1-21-2),MICH,2023-05-02,,False
AHMAD FARAH DPM,HOUSE WEST (M1-21-2),MICH,2026-03-17,,False
AHMED ZAKI,HOUSE WEST (M1-21-2),MICH,,,False
ALAN KLEIN MD,HOUSE WEST (M1-21-2),MICH,2025-08-15,,False
ALANNA FARRUGIA DPT,HOUSE WEST (M1-21-2),MICH,2024-11-01,,False
ALEISE CHARTIER PT DPT,HOUSE WEST (M1-21-2),MICH,2021-06-10,,False
ALEX HEFFNER PT DPT,HOUSE WEST (M1-21-2),MICH,2022-09-27,,False
ALEX YUE MD,HOUSE WEST (M1-21-2),MICH,,,False
ALEXA KUZDAL DPT,HOUSE WEST (M1-21-2),MICH,2022-08-03,,False
ALEXANDER TSINBERG MD,HOUSE WEST (M1-21-2),MICH,2021-06-10,,False
ALICIA WARD DPM,HOUSE WEST (M1-21-2),MICH,2023-12-06,,False
AMAN UPADHYAY MD,HOUSE WEST (M1-21-2),MICH,,,False
AMANDA WALKO PA-C,HOUSE WEST (M1-21-2),MICH,2024-04-10,,False
AMER KAZI MD,HOUSE WEST (M1-21-2),MICH,2021-07-14,,False
AMJAD YAISH DO,HOUSE WEST (M1-21-2),MICH,2022-08-19,,False
AMY KENNEDY PT DPT,HOUSE WEST (M1-21-2),MICH,2021-09-13,,False
AMY SAUNDERS MD,HOUSE WEST (M1-21-2),MICH,2022-08-09,,False
ANAS ATALLAH DPM,HOUSE WEST (M1-21-2),MICH,2025-02-19,,False
ANDREW ASSENMACHER MD,HOUSE WEST (M1-21-2),MICH,2023-02-23,,False
ANDREW CASSIDY PT,HOUSE WEST (M1-21-2),MICH,2023-05-26,,False
ANDREW LIMBERT DO,HOUSE WEST (M1-21-2),MICH,2023-05-11,,False
ANIL SETHI MD,HOUSE WEST (M1-21-2),MICH,2023-07-14,,False
ANIMOL JOHN PT,YEAREGO (M1-21-8),ZARNDT (IL),2026-08-18,,False
ANTHONY ESCOTTO PT,HOUSE WEST (M1-21-2),MICH,2022-04-18,,False
ANTHONY GREENE DPT,HOUSE WEST (M1-21-2),MICH,2022-02-07,,False
ARA N BUSH MD +,HOUSE WEST (M1-21-2),MICH,2026-08-11,,False
ASHLEY BARNES PA-C,HOUSE WEST (M1-21-2),MICH,2023-10-19,,False
ASHLEY DUBAY PA-C,HOUSE WEST (M1-21-2),MICH,2024-05-24,,False
AYMAN TARABISHY MD,HOUSE WEST (M1-21-2),MICH,2021-02-11,,False
BEATRIZ FLEMING PT DPT,HOUSE WEST (M1-21-2),MICH,2021-09-07,,False
BEAU MASSINGILL DPT,HOUSE WEST (M1-21-2),MICH,2026-03-31,,False
BELAL TARAKJI MD,HOUSE WEST (M1-21-2),MICH,2024-02-02,,False
BENJAMIN BEST DO,HOUSE WEST (M1-21-2),MICH,2024-05-31,,False
BENJAMIN SLOCUM PT DPT,HOUSE WEST (M1-21-2),MICH,2024-03-12,,False
BLAKE FENKELL DO,HOUSE WEST (M1-21-2),MICH,2025-04-29,,False
BRADY HARRE DPT,HOUSE WEST (M1-21-2),MICH,2022-09-07,,False
BRET PETERS DPT,HOUSE WEST (M1-21-2),MICH,2024-03-11,,False
BRETT WIATER MD,HOUSE WEST (M1-21-2),MICH,2024-02-13,,False
BRIAN RILL MD,HOUSE WEST (M1-21-2),MICH,,,False
BRIAN WOLFE PT DPT,HOUSE WEST (M1-21-2),MICH,2024-10-28,,False
BRIDGET MATTES PT,HOUSE WEST (M1-21-2),MICH,2022-06-08,,False
BRUCE KALLOU DPM,HOUSE WEST (M1-21-2),MICH,2021-08-19,,False
BRUCE WIHONGI PT,HOUSE WEST (M1-21-2),MICH,2020-09-23,,False
CAITLIN BEARSS DPT,HOUSE WEST (M1-21-2),MICH,2023-12-14,,False
CALLEY KEITHLER DPT,HOUSE WEST (M1-21-2),MICH,2020-10-26,,False
CAROLINE WURTZEL MD,HOUSE WEST (M1-21-2),MICH,2023-01-13,,False
CHAD LASCESKI MD,HOUSE WEST (M1-21-2),MICH,2023-06-20,,False
CHARLES M WARE JR MD,HOUSE WEST (M1-21-2),MICH,2021-06-29,,False
CHASE ANSOK MD,HOUSE WEST (M1-21-2),MICH,2023-08-25,,False
CHELSEA BARNES FNP-C,HOUSE WEST (M1-21-2),MICH,2024-04-16,,False
CHELSEA THOMAS DPT,HOUSE WEST (M1-21-2),MICH,2026-04-30,,False
CHRISTINA HENRIQUEZ DPT,HOUSE WEST (M1-21-2),MICH,2025-08-11,,False
CHRISTOPHER COOKE MD,HOUSE WEST (M1-21-2),MICH,2023-04-13,,False
CHRISTOPHER NICHOLAS DO,HOUSE WEST (M1-21-2),MICH,2024-02-07,,False
DANIEL GREGORY DPT,HOUSE WEST (M1-21-2),MICH,2024-09-19,,False
DANIEL HARVEY PT,HOUSE WEST (M1-21-2),MICH,,,False
DAVID ATKINS PT,HOUSE WEST (M1-21-2),MICH,2022-04-25,,False
DAVID CROWLEY PT,HOUSE WEST (M1-21-2),MICH,2021-06-29,,False
DAVID KOCENDA NP,HOUSE WEST (M1-21-2),MICH,2024-07-16,,False
DAVID LYONS DO,HOUSE WEST (M1-21-2),MICH,2024-06-26,,False
DAVID PRIESKORN DO,HOUSE WEST (M1-21-2),MICH,2024-01-23,,False
DEREK HILL DO,HOUSE WEST (M1-21-2),MICH,2023-01-27,,False
DOUGLAS L MIKOLS MD,HOUSE WEST (M1-21-2),MICH,2024-05-31,,False
E ASHLEY DUNGAN PT,HOUSE WEST (M1-21-2),MICH,2024-09-13,,False
EDMUND GRADY MD,HOUSE WEST (M1-21-2),MICH,2024-01-31,,False
EDWARD LIS DO,HOUSE WEST (M1-21-2),MICH,2023-08-28,,False
ELIZABETH FRANCEK RN NP,HOUSE WEST (M1-21-2),MICH,2022-02-21,,False
EMMA CLAUCHERTY DPT,HOUSE WEST (M1-21-2),MICH,2022-03-23,,False
ERIC KOVAN DO,HOUSE WEST (M1-21-2),MICH,2024-01-10,,False
ERIC LEAN MD,HOUSE WEST (M1-21-2),MICH,2023-03-15,,False
ERIC MOWERY DPT,HOUSE WEST (M1-21-2),MICH,2023-10-17,,False
ERNEST SORENSON DPM,HOUSE WEST (M1-21-2),MICH,2022-10-24,,False
FAWAD RIVZI,HOUSE WEST (M1-21-2),MICH,,,False
GAVIN PEOPLES PT DPT,HOUSE WEST (M1-21-2),MICH,2022-03-24,,False
GEORGE J CARLEY DO,HOUSE WEST (M1-21-2),MICH,2021-07-13,,False
GHASSAN ATEYAH DPM,HOUSE WEST (M1-21-2),MICH,2024-07-01,,False
GHAZWAN SHUKAIRY,HOUSE WEST (M1-21-2),MICH,2023-06-08,,False
GLADSTONE PAYTON DO,HOUSE WEST (M1-21-2),MICH,2021-04-21,,False
GORDON MCCLIMANS DO,HOUSE WEST (M1-21-2),MICH,2024-03-13,,False
GREGORY BUREK PA,HOUSE WEST (M1-21-2),MICH,2022-08-02,,False
GREGORY ZEMENICK MD,HOUSE WEST (M1-21-2),MICH,2023-01-19,,False
HANNAH FORD DPT,HOUSE WEST (M1-21-2),MICH,2024-10-28,,False
HASSAN ALKHALIL,HOUSE WEST (M1-21-2),MICH,2024-08-13,,False
HAYLEE ZYBER OT,HOUSE WEST (M1-21-2),MICH,2022-08-08,,False
HENGELBERTH MONTUFAR DPM,HOUSE WEST (M1-21-2),MICH,2023-10-27,,False
HENRY GOITZ MD,HOUSE WEST (M1-21-2),MICH,2023-05-26,,False
HUSSEIN SAAD MD,HOUSE WEST (M1-21-2),MICH,,,False
IHSAN ASBAHI MD,HOUSE WEST (M1-21-2),MICH,2021-02-25,,False
JACOB SCHUMER DPT,HOUSE WEST (M1-21-2),MICH,2025-08-07,,False
JAMES HYLAND PA-C,HOUSE WEST (M1-21-2),MICH,2024-07-02,,False
JAMES NUGENT PT,HOUSE WEST (M1-21-2),MICH,2025-06-23,,False
JAMES TONEY DPM,HOUSE WEST (M1-21-2),MICH,2022-05-27,,False
JAMI ANDERSON PT,HOUSE WEST (M1-21-2),MICH,2021-12-20,,False
JASON HOLCOMB MD,HOUSE WEST (M1-21-2),MICH,2024-12-10,,False
JASON ROBERTS MD,HOUSE WEST (M1-21-2),MICH,2024-03-11,,False
JASON SHALLOW MPT,HOUSE WEST (M1-21-2),MICH,2021-07-13,,False
JASON WHITNEY PT DPT,HOUSE WEST (M1-21-2),MICH,2024-05-30,,False
JAWAD AGHA MD,HOUSE WEST (M1-21-2),MICH,2026-07-17,,False
JEFFREY DECLAIRE MD,HOUSE WEST (M1-21-2),MICH,2024-02-08,,False
JEFFREY HALL MD,HOUSE WEST (M1-21-2),MICH,2025-03-13,,False
JEFFREY KIMPSON MD,HOUSE WEST (M1-21-2),MICH,2025-02-05,,False
JEFFREY KLEIN DPM,HOUSE WEST (M1-21-2),MICH,2023-01-03,,False
JEFFREY ROSENBERG MD PHD,HOUSE WEST (M1-21-2),MICH,2022-09-26,,False
JEFFREY SHAPIRO MD,HOUSE WEST (M1-21-2),MICH,,,False
JENNIFER GROENEVELD DPT,HOUSE WEST (M1-21-2),MICH,2022-04-01,,False
JENNIFER GURZELL RPT,HOUSE WEST (M1-21-2),MICH,2022-05-16,,False
JENNIFER PODGORNY PA-C,HOUSE WEST (M1-21-2),MICH,2024-02-19,,False
JENNIFER SMITH PT,HOUSE WEST (M1-21-2),MICH,2025-02-25,,False
JENNIFER WHALLS PT DPT,HOUSE WEST (M1-21-2),MICH,,,False
JENNIFER ZESKI PT DPT,HOUSE WEST (M1-21-2),MICH,2021-04-30,,False
JILL KNUTH PT,HOUSE WEST (M1-21-2),MICH,2022-07-27,,False
JILLIAN KOSKY PT,HOUSE WEST (M1-21-2),MICH,2022-02-16,,False
JILLIAN NIXON PT,HOUSE WEST (M1-21-2),MICH,2022-04-29,,False
JOE PATINO PT,HOUSE WEST (M1-21-2),MICH,2022-02-16,,False
JOEL STAHL DPT,HOUSE WEST (M1-21-2),MICH,2020-10-22,,False
JOHN GORSKI MD,HOUSE WEST (M1-21-2),MICH,2024-08-05,,False
JOHN MARSHALL MD,HOUSE WEST (M1-21-2),MICH,2024-11-18,,False
JOHN RYAN MD,HOUSE WEST (M1-21-2),MICH,2023-05-12,,False
JOHN SANTA ANA DO,HOUSE WEST (M1-21-2),MICH,2022-06-07,,False
JOHN TRAYLOR MD,HOUSE WEST (M1-21-2),MICH,2024-04-24,,False
JONATHAN SANNER PT FPT,HOUSE WEST (M1-21-2),MICH,,,False
JONATHON HINZ DO,HOUSE WEST (M1-21-2),MICH,2024-07-24,,False
JORDAN C NAJOR DPT,HOUSE WEST (M1-21-2),MICH,2023-01-03,,False
JORDAN M WILLSON DPT,HOUSE WEST (M1-21-2),MICH,2022-06-13,,False
JOSEPH BOOKER PT DPT,HOUSE WEST (M1-21-2),MICH,2024-12-05,,False
JOSHUA GITLIN MD,HOUSE WEST (M1-21-2),MICH,2021-12-10,,False
JOSHUA KAZDAN DPM,HOUSE WEST (M1-21-2),MICH,2021-07-26,,False
JULIA SUYAK DPT,HOUSE WEST (M1-21-2),MICH,2025-08-28,,False
JULIE ANN DODDS MD,HOUSE WEST (M1-21-2),MICH,2021-05-28,,False
JUSTIN SCHUPBACH MD,HOUSE WEST (M1-21-2),MICH,2024-02-02,,False
KAILEY STEELE DPT,HOUSE WEST (M1-21-2),MICH,,,False
KASEY MORENO PT,HOUSE WEST (M1-21-2),MICH,2023-06-27,,False
KASSANDRA LEWAN PT DPT,HOUSE WEST (M1-21-2),MICH,2025-03-12,,False
KASSIE LEWAN DPT,HOUSE WEST (M1-21-2),MICH,2023-04-20,,False
KATHRYN WELLMAN DPT,HOUSE WEST (M1-21-2),MICH,2023-07-28,,False
KATIE ELIZABETH SIMKOW NP,HOUSE WEST (M1-21-2),MICH,2021-03-29,,False
KEI CZE DOAN DPT,HOUSE WEST (M1-21-2),MICH,2022-11-04,,False
KELSIE MARIE DAVIS DPT,HOUSE WEST (M1-21-2),MICH,2026-04-02,,False
KERELLOS NASR MD,HOUSE WEST (M1-21-2),MICH,2024-03-05,,False
KEVIN ANDERSON MD,HOUSE WEST (M1-21-2),MICH,2022-10-21,,False
KRISTIN BROWN PT DPT,HOUSE WEST (M1-21-2),MICH,2020-10-29,,False
KRISTYN GRIVEJ PT,HOUSE WEST (M1-21-2),MICH,2021-08-11,,False
KYLE SULLIVAN PT,HOUSE WEST (M1-21-2),MICH,2022-05-31,2022-03-30,False
LAFI KHALIL MD,HOUSE WEST (M1-21-2),MICH,2026-08-26,,False
LAUREN COULS PT,HOUSE WEST (M1-21-2),MICH,2022-06-21,,False
LAUREN EICHENBAUM MD,HOUSE WEST (M1-21-2),MICH,2021-10-25,,False
LAUREN HOFMAN PT DPT,HOUSE WEST (M1-21-2),MICH,2024-02-21,,False
LAUREN MCCLOY PT DPT,HOUSE WEST (M1-21-2),MICH,2025-01-31,,False
LAUREN PASSMORE PT DPT,HOUSE WEST (M1-21-2),MICH,2022-01-17,,False
LAURIE MONAHAN-HUGHES DPT,HOUSE WEST (M1-21-2),MICH,,,False
LEAH ALESSANDRI-MOORE PT,HOUSE WEST (M1-21-2),MICH,2023-09-13,,False
LEAH MOORE PT,HOUSE WEST (M1-21-2),MICH,2026-01-21,,False
LOUIS RADDEN DO,HOUSE WEST (M1-21-2),MICH,2026-08-26,,False
MADHU RAO DO,HOUSE WEST (M1-21-2),MICH,2021-11-17,,False
MAGGIE RAUKAR PA-C,HOUSE WEST (M1-21-2),MICH,2022-12-15,,False
MAJDI IBRAHIM PT,HOUSE WEST (M1-21-2),MICH,2021-04-22,,False
MARIE DELEWSKY DPM,HOUSE WEST (M1-21-2),MICH,2024-05-01,,False
MARK GOLDBERGER DO,HOUSE WEST (M1-21-2),MICH,2025-03-17,2022-04-11,False
MARK KALLAWAY MD,HOUSE WEST (M1-21-2),MICH,,,False
MARK STEWART MD,HOUSE WEST (M1-21-2),MICH,2023-04-25,,False
MARK WAUN DPT,HOUSE WEST (M1-21-2),MICH,2025-01-09,,False
MARTIN QUIROGA DO,HOUSE WEST (M1-21-2),MICH,2021-07-30,,False
MARVIN BLEIBERG MD,HOUSE WEST (M1-21-2),MICH,2024-04-09,,False
MATTHEW SARDELLI MD,HOUSE WEST (M1-21-2),MICH,2025-05-01,,False
MATTHEW STEVEN PTA (CAN'T PRESCRIBE),HOUSE WEST (M1-21-2),MICH,2021-11-16,,False
MATTHEW YOUSIF DO,HOUSE WEST (M1-21-2),MICH,2025-07-03,,False
MATTHEW ZABOROWICZ MD,HOUSE WEST (M1-21-2),MICH,2024-02-12,,False
MCKENNA RUDD PA-C,HOUSE WEST (M1-21-2),MICH,2025-10-13,,False
MEAGAN KIEHL DPT,HOUSE WEST (M1-21-2),MICH,2022-05-24,,False
MEAGAN REDPATH PT,HOUSE WEST (M1-21-2),MICH,2022-07-12,,False
MELINDA BUSS DPT,HOUSE WEST (M1-21-2),MICH,2022-02-11,,False
MELISSA KELLER PA-C,HOUSE WEST (M1-21-2),MICH,2023-12-28,,False
MELISSA RADNER MPT,HOUSE WEST (M1-21-2),MICH,2023-05-31,,False
MELISSA THOMPSON PT DPT,HOUSE WEST (M1-21-2),MICH,2022-04-08,,False
MICHAEL BRENNAN PA-C,HOUSE WEST (M1-21-2),MICH,2021-04-14,,False
MICHAEL MONTICO MD,HOUSE WEST (M1-21-2),MICH,2022-01-24,,False
MICHAEL ROBERTS DPT,HOUSE WEST (M1-21-2),MICH,2021-06-16,,False
MICHELLE BARILE DPT,HOUSE WEST (M1-21-2),MICH,2022-07-29,,False
MOHAMED ALI PT,HOUSE WEST (M1-21-2),MICH,,,False
MOHAMED H ELNABTITY MD,HOUSE WEST (M1-21-2),MICH,,,False
MOHAMED RAYCHOUNI DC,HOUSE WEST (M1-21-2),MICH,2021-11-17,,False
MOHAMMAD JONDY MD,HOUSE WEST (M1-21-2),MICH,2024-06-07,,False
MOLLY BALBACH,HOUSE WEST (M1-21-2),MICH,2022-07-22,,False
MOUSSA BAZZI MD,HOUSE WEST (M1-21-2),MICH,2023-12-11,,False
MUHAMMAD AZIM PT,HOUSE WEST (M1-21-2),MICH,,,False
MUKUND KOMANDURI MD,HOUSE WEST (M1-21-2),MICH,2020-09-04,,False
MYKOLA BARTKIW MD,HOUSE WEST (M1-21-2),MICH,2022-05-20,,False
NADIA IOLANDA DEDONATIS DPT OMPT,HOUSE WEST (M1-21-2),MICH,2022-06-08,,False
NADINE JENNINGS MD,HOUSE WEST (M1-21-2),MICH,2022-03-04,,False
NANCY WEAVER NP,HOUSE WEST (M1-21-2),MICH,2024-02-27,,False
NATHAN HAWLEY DPT,HOUSE WEST (M1-21-2),MICH,2025-06-10,,False
NATHAN MARSHALL MD,HOUSE WEST (M1-21-2),MICH,2021-02-22,,False
NERGIS JASSIM OT,HOUSE WEST (M1-21-2),MICH,2021-10-27,,False
NICHOLAS FRISCH MD,HOUSE WEST (M1-21-2),MICH,2022-02-01,,False
NICHOLAS SCHROEDER MD,HOUSE WEST (M1-21-2),MICH,2021-06-16,,False
OLIVIA WEBSTER DPT,HOUSE WEST (M1-21-2),MICH,2025-01-27,,False
PADMAJA MORISETTY MD,HOUSE WEST (M1-21-2),MICH,2022-11-22,,False
PATRICIA KOLOWICH MD,HOUSE WEST (M1-21-2),MICH,2024-02-27,,False
PATRICK WIATER MD,HOUSE WEST (M1-21-2),MICH,2021-11-09,,False
PAUL AL-ATTAR MD,HOUSE WEST (M1-21-2),MICH,2025-06-26,,False
PAUL IBRI DPT,HOUSE WEST (M1-21-2),MICH,2024-08-27,,False
PAUL LEWIS DO,HOUSE WEST (M1-21-2),MICH,2023-09-12,,False
PAUL SEVILLA PT DPT,HOUSE WEST (M1-21-2),MICH,,,False
PAUL TALUSAN MD,HOUSE WEST (M1-21-2),MICH,2022-07-06,,False
PETER VASIU DO,HOUSE WEST (M1-21-2),MICH,2022-06-10,,False
PHILIP WATKINS DPM,HOUSE WEST (M1-21-2),MICH,2023-06-06,,False
PHYSIOTHERAPY ASSOCIATES INC,HOUSE WEST (M1-21-2),MICH,2021-02-11,,False
RACHEL HARDWICK DPT,HOUSE WEST (M1-21-2),MICH,2024-02-09,,False
RACHEL KENNEDY NP,HOUSE WEST (M1-21-2),MICH,2024-04-04,,False
RAGHU CHOVVATH PT,HOUSE WEST (M1-21-2),MICH,2021-12-13,,False
RALPH CARBONE DO,HOUSE WEST (M1-21-2),MICH,2020-11-06,,False
RAMESH MALLADI PT DPT,HOUSE WEST (M1-21-2),MICH,2021-11-17,,False
RAZA ALI MD,HOUSE WEST (M1-21-2),MICH,2020-11-11,,False
REGINA OLARI PT,HOUSE WEST (M1-21-2),MICH,2020-11-06,,False
RHUTU PATEL PT,HOUSE WEST (M1-21-2),MICH,2022-02-01,,False
RICHARD HAMMOUD MD,HOUSE WEST (M1-21-2),MICH,2024-06-05,,False
RICHARD LIESKE PT,HOUSE WEST (M1-21-2),MICH,2022-08-02,,False
RICHARD VEYNA MD,HOUSE WEST (M1-21-2),MICH,2025-06-11,,False
ROBERT ADAMS DPT,HOUSE WEST (M1-21-2),MICH,2022-08-11,,False
ROBERT FARHAT DO,HOUSE WEST (M1-21-2),MICH,2023-10-06,,False
ROBERT HOWARD DO,HOUSE WEST (M1-21-2),MICH,2022-08-18,,False
ROBERT JOHNSON MD,HOUSE WEST (M1-21-2),MICH,2022-03-09,,False
ROBERT KOHEN MD,HOUSE WEST (M1-21-2),MICH,2023-01-05,,False
RONALD FLACK NP,HOUSE WEST (M1-21-2),MICH,2024-05-24,,False
RONALD MASHNI DPT,HOUSE WEST (M1-21-2),MICH,2025-01-31,,False
RONALD MEISEL DO,HOUSE WEST (M1-21-2),MICH,2022-06-03,,False
RYAN EASTON PT DPT,HOUSE WEST (M1-21-2),MICH,2021-08-05,,False
RYAN FALLON OT,HOUSE WEST (M1-21-2),MICH,2024-02-02,,False
RYAN HANSON DPT,HOUSE WEST (M1-21-2),MICH,2022-08-18,,False
SAM HAKKI MD,HOUSE WEST (M1-21-2),MICH,2025-08-22,2022-02-01,False
SAMANTHA BAMACH DPT,HOUSE WEST (M1-21-2),MICH,2022-08-15,,False
SAMUEL ROSENBAUM MD,HOUSE WEST (M1-21-2),MICH,2021-08-30,,False
SARA RYDER DPT,HOUSE WEST (M1-21-2),MICH,2023-12-06,,False
SARAH GASTA PT,HOUSE WEST (M1-21-2),MICH,2021-05-17,,False
SCOTT DELANGE DPT,HOUSE WEST (M1-21-2),MICH,2024-06-12,,False
SEAN FERGUSON DPT,HOUSE WEST (M1-21-2),MICH,2024-10-14,,False
SHANE PATTERSON DO,HOUSE WEST (M1-21-2),MICH,2023-08-31,,False
SHANNA ROTH DPT,HOUSE WEST (M1-21-2),MICH,2021-03-22,,False
SHANNON KLAPP MS PT,HOUSE WEST (M1-21-2),MICH,2024-04-15,,False
SHARON DENISE MINOTT MD,HOUSE WEST (M1-21-2),MICH,2021-06-10,,False
SHAWN ACHTMAN DO,HOUSE WEST (M1-21-2),MICH,2022-02-14,,False
SHAYNE BILLMEYER DPT,HOUSE WEST (M1-21-2),MICH,2023-05-18,,False
SHIVANI PATEL PT,HOUSE WEST (M1-21-2),MICH,2022-01-13,,False
SIMINA BONO DPT,HOUSE WEST (M1-21-2),MICH,2021-06-29,,False
SOPHIA BARNET DPM,HOUSE WEST (M1-21-2),MICH,2024-04-10,,False
SOPHIA GRIAS MD,HOUSE WEST (M1-21-2),MICH,2025-04-29,,False
SOPHIA GRIAS-RADWANSKI MD,HOUSE WEST (M1-21-2),MICH,2024-03-13,,False
STACY UEBELE DPM,HOUSE WEST (M1-21-2),MICH,2024-03-06,,False
STEPHANIE DONOVAN DPM,HOUSE WEST (M1-21-2),MICH,2021-03-29,,False
STEVEN GALLIWAY PA-C,HOUSE WEST (M1-21-2),MICH,2022-03-18,,False
TAMANNA SHAIKH PT,HOUSE WEST (M1-21-2),MICH,2022-02-01,,False
TAMER EL-BOHY DPT,HOUSE WEST (M1-21-2),MICH,2021-01-26,,False
TAMI JARDINE PT,HOUSE WEST (M1-21-2),MICH,2020-10-20,,False
TAREK HADLA MD,HOUSE WEST (M1-21-2),MICH,2021-04-05,,False
TAWFIQ E NAKHLEH DO,YEAREGO (M1-21-8),ZARNDT (IL),2026-06-25,,False
TEJPAUL PANNU MD,HOUSE WEST (M1-21-2),MICH,2024-08-02,,False
TERESA ANN PASSAMANI PT,HOUSE WEST (M1-21-2),MICH,2021-11-10,,False
TERRI JEURINK,HOUSE WEST (M1-21-2),MICH,,,False
THOMAS BELKEN DPM,HOUSE WEST (M1-21-2),MICH,2026-01-12,,False
THOMAS GIANCARLO DO,HOUSE WEST (M1-21-2),MICH,2025-02-20,,False
THOMAS WINDLE DPT,HOUSE WEST (M1-21-2),MICH,2024-04-18,,False
TIANA YARNS DPT,HOUSE WEST (M1-21-2),MICH,2024-08-21,,False
TIMOTHY JELSEMA MD,HOUSE WEST (M1-21-2),MICH,2023-03-31,,False
TIMOTHY MATWAY MD,HOUSE WEST (M1-21-2),MICH,2021-10-18,,False
TOM NABITY MD,HOUSE WEST (M1-21-2),MICH,2021-10-14,,False
TRACY RIDDLE DO,HOUSE WEST (M1-21-2),MICH,2022-06-21,,False
TRACY SMILES PT,HOUSE WEST (M1-21-2),MICH,2022-07-20,,False
TREVOR CREAN DO,HOUSE WEST (M1-21-2),MICH,2022-09-15,,False
TREVOR MYERS DPT,HOUSE WEST (M1-21-2),MICH,2021-06-22,,False
TROY SILVERTHORN DPT,HOUSE WEST (M1-21-2),MICH,2024-02-14,,False
TYLER FINCH PT DPT,HOUSE WEST (M1-21-2),MICH,2021-10-29,,False
TYLER WILLIAMSON MD,HOUSE WEST (M1-21-2),MICH,2024-08-07,,False
VALERIE LUDWIG PT,HOUSE WEST (M1-21-2),MICH,2022-07-07,,False
VICTORIA BRASHAW DPT,HOUSE WEST (M1-21-2),MICH,2022-09-09,,False
WILLIAM J ROGERS PA,HOUSE WEST (M1-21-2),MICH,2022-12-14,,False
ZARNDT (M1-11-19),HOUSE WEST (M1-21-2),MICH,2026-06-01,,False
ZEESHAN HUSAIN DPM,HOUSE WEST (M1-21-2),MICH,2025-02-14,,False
SHANE BURKETT CRNP,LOPICCOLO (M1-11-69),ROYLE (PITT),2024-08-08,,False
LIPUT (M1-21-08),LIPUT (M1-21-08),ROYLE (PA),2026-08-26,,False
ERIC MAGDA MD,HINK (M1-11-38),ROYLE (PA),2026-04-20,,False
MARCUS ROGERS PT DPT,HOUSE WEST (M1-21-2),MICH,2025-09-09,,False
GEORGE CHARUK DO,SPEARMAN (M1-85-9),HUNTSINGER (IL),2024-08-21,,False
MICHAEL BIRNS MD,HOUSE EAST (M1-21-0),PITT,2025-04-04,,False
MARY-CATE DEVITT NP,SPEARMAN (M1-85-9),HUNTSINGER (IL),2024-11-20,,False
LINDSAY TWAROG NP-C,LOPICCOLO (M1-11-69),ROYLE (PITT),2024-08-19,,False
JABARI MARTIN MD,CROSBY (M1-21-21),ROYLE (MD),2024-10-15,,False
KRYSTAL ANN SAVARINO DPT,LOPICCOLO (M1-11-69),ROYLE (PITT),2024-08-23,,False
SARAH HAGERTY DO,LOPICCOLO (M1-11-69) / HOUSE EAST (M1-21-0),ROYLE (PITT),2024-12-23,,False
HOWARD KONOWITZ MD,CHRISTENSEN (M1-19-20),ZARNDT (IL),2026-06-09,,False
ROLANDO GARCIA PA-C *,THAPA (M1-11-31),ROYLE (PA),,,True
PETER LERZA DNP,CROSBY (M1-21-21),ROYLE (MD),2024-12-16,,False
ANDREW RUSHLOW PA-C,HOUSE WEST (M1-21-2),MICH,2026-06-10,,False
ERIC PAUGH DPT,HINK (M1-11-38),ROYLE (PA),2024-08-30,,False
TAMMY GEIBEL DPT,HINK (M1-11-38),ROYLE (PA),2026-08-20,,False
MICHAEL MILSHTEYN MD,HOUSE WEST (M1-21-2),MICH,2024-09-17,,False
JONATHAN SCHOLL MD,LOPICCOLO (M1-11-69),ROYLE (PITT),2026-04-10,,False
BRYAN SCHUERLEIN DC,LIPUT (M1-21-08),ROYLE (PA),2024-09-06,,False
RICARDO NIEVES RAMOS MD,LIPUT (M1-21-08),ROYLE (PA),2025-01-24,,False
JEFFREY VAKIL MD,HOUSE EAST (M1-21-0),PITT,2024-07-19,,False
DEREK GEIST MD,THAPA (M1-11-31) / HOUSE EAST (M1-21-0),ROYLE (PITT),2024-09-05,,False
MATTHEW MEEHAN DC,HINK (M1-11-38),ROYLE (PA),2024-09-06,,False
YOUNA RAMINFAR PA-C,CROSBY (M1-21-21),ROYLE (MD),2024-09-09,,False
BRITTANY WALKER CRNP,LOPICCOLO (M1-11-69),ROYLE (PITT),2024-09-10,,False
DARRICK DOMINICK DPM,HINK (M1-11-38) / HOUSE EAST (M1-21-0),ROYLE (PITT),2024-09-10,,False
KISHMAN WILLIAMS ARNP,LIPUT (M1-21-08),ROYLE (PA),2024-11-27,,False
THOMAS MUTSCHLER MD,HINK (M1-11-38) / HOUSE EAST (M1-21-0),ROYLE (PITT),2026-08-17,,False
JEFFERY ANDRES PT,HOUSE WEST (M1-21-2),MICH,2024-09-10,,False
TINESHA RHODES CRNP,LOPICCOLO (M1-11-69),ROYLE (PITT),2026-03-17,,False
CHRISTOPHER HEHEMANN DPM,HINK (M1-11-38),ROYLE (PA),2024-09-10,,False
ANTHONY SACERINO DPT,HINK (M1-11-38),ROYLE (PA),2024-09-16,,False
SAIED SHEMIRANEI MD,LIPUT (M1-21-08),ROYLE (PA),2024-09-16,,False
RAM ARIBINDI MD,SPEARMAN (M1-85-9),HUNTSINGER (IL),2024-09-16,,False
JORDAN BOWEN DC,HINK (M1-11-38),ROYLE (PA),2024-09-17,,False
ERIC EHRENBERG DO,HINK (M1-11-38),ROYLE (PA),2024-09-18,,False
DARWISH DARWISH MD,HOUSE WEST (M1-21-2),MICH,2024-09-18,,False
CAROLYN HOFFMAN DPT,HINK (M1-11-38),ROYLE (PA),2024-09-19,,False
CHRISTOPHER SCHMIDT MD,LOPICCOLO (M1-11-69),ROYLE (PITT),,,False
BENJAMIN ARMANDO PA-C,HINK (M1-11-38),ROYLE (PA),2024-09-20,,False
ROBERT MCGANN DO,HINK (M1-11-38),ROYLE (PA),2026-07-29,,False
SHELBY HOBLIT DPT,HINK (M1-11-38),ROYLE (PA),2024-10-18,,False
JAMIE WICHROWSKI PT,HINK (M1-11-38),ROYLE (PA),2024-09-24,,False
SAMANTHA BARO CRNP,HOUSE EAST (M1-21-0),PITT,2025-04-09,,False
TYLER PETERSEN DO,HINK (M1-11-38),ROYLE (PA),2024-09-24,,False
BRANDI SZOKA DPT,LIPUT (M1-21-08),ROYLE (PA),2024-10-18,,False
MONICA MCPHAIL-PRUITT MD,LIPUT (M1-21-08),ROYLE (PA),2024-10-17,,False
SETH MILES PT DPT,LIPUT (M1-21-08),ROYLE (PA),2025-01-16,,False
MICHELLE HALDEMAN DPM,HINK (M1-11-38),ROYLE (PA),2025-08-29,,False
TIMOTHY KO MD,HINK (M1-11-38),ROYLE (PA),2024-09-26,,False
SHANE BOYD CRNP,LOPICCOLO (M1-11-69),ROYLE (PITT),2026-08-25,,False
JOHN WRIGHTSON MD (1) *,LOPICCOLO (M1-11-69),ROYLE (PITT),2024-09-27,,True
RONALD ROOK DO,HOUSE WEST (M1-21-2),MICH,2024-09-30,,False
AMANDA BUCKLES PT,LIPUT (M1-21-08),ROYLE (PA),2024-10-01,,False
BRITTANY NIKOLOW ARNP,LIPUT (M1-21-08),ROYLE (PA),2024-10-01,,False
CHRISTOPHER HAAS MD,HOUSE EAST (M1-21-0),PITT,2026-06-12,,False
REBECCA STEFFANUS CRNP,HINK (M1-11-38),ROYLE (PA),2024-10-02,,False
JOSEPH SILVESTRI II MD,HOUSE WEST (M1-21-2),MICH,,,False
TUSHAR SINGH DPM,HOUSE WEST (M1-21-2),MICH,2024-10-03,,False
JD BRADLEY MD,HOUSE WEST (M1-21-2),MICH,2025-01-31,,False
JOYCE ECKARD MD,HINK (M1-11-38),ROYLE (PA),2024-10-04,,False
TIMOTHY DANCY MD,HINK (M1-11-38),ROYLE (PA),,,False
CHRISTOPHER COOK DPM,HOUSE WEST (M1-21-2),MICH,2024-10-07,,False
FRANK MOUSSA MD,HOUSE EAST (M1-21-0),PITT,2024-10-08,,False
ROSTAM NASSIRI MD *,CROSBY (M1-21-21),ROYLE (MD),2025-10-20,,True
DANIEL DUFFY DO,HOUSE WEST (M1-21-2),MICH,2024-10-09,,False
MARK GILLESPY MD !,LIPUT (M1-21-08),ROYLE (PA),,,False
JEFFREY CAMERON PA-C,HOUSE EAST (M1-21-0),PITT,2024-10-11,,False
CARA MARKOWITZ OTR,HINK (M1-11-38),ROYLE (PA),2024-10-11,,False
UCHENNA NWANERI MD,CROSBY (M1-21-21),ROYLE (MD),2024-10-11,,False
MAUREEN JOHNSON PT,HINK (M1-11-38),ROYLE (PA),,,False
JAY CHANMUGAM DO,LIPUT (M1-21-08),ROYLE (PA),2025-04-08,,False
PAUL IMBROGNO PT,HINK (M1-11-38),ROYLE (PA),2024-10-23,,False
ROBERT BARNES PT,HINK (M1-11-38),ROYLE (PA),2024-10-31,,False
GABRIEL CARLOS ORTIZ RIVERA MD,LIPUT (M1-21-08),ROYLE (PA),2025-02-12,,False
KYLE ANDERSON MD,HOUSE WEST (M1-21-2),MICH,2024-10-18,,False
ADAM ROSS MD,HOUSE EAST (M1-21-0),PITT,2024-10-18,,False
LAUREN CRISWELL PA-C,LOPICCOLO (M1-11-69),ROYLE (PITT),2025-09-18,,False
DEREK BUSSEY PT DPT,HINK (M1-11-38),ROYLE (PA),2024-10-23,,False
MICHAEL HUFFMAN PT,HINK (M1-11-38),ROYLE (PA),2024-10-23,,False
ALEXANDER GARLICK DPT *,LOPICCOLO (M1-11-69),ROYLE (PITT),2025-04-24,,True
SHANE DUGAN PT DPT,HINK (M1-11-38),ROYLE (PA),2025-04-22,,False
JAMIE CIDILA PT,HINK (M1-11-38),ROYLE (PA),2025-08-07,,False
OLIVIA HOOVER PT DPT,HOUSE WEST (M1-21-2),MICH,2026-07-10,,False
OLIVIA MIKULA PT,HINK (M1-11-38),ROYLE (PA),2025-02-28,,False
RACHEL LONG PT,HINK (M1-11-38),ROYLE (PA),2024-10-24,,False
MARCK HOEPFNER PA-C,HOUSE EAST (M1-21-0),PITT,2024-10-29,,False
PAUL LEO MD,HOUSE WEST (M1-21-2),MICH,2026-03-19,,False
DAYNA VECCHIONE-CURLEY NP,LIPUT (M1-21-08),ROYLE (PA),2025-03-21,,False
BRIAN LEUNG MD,LIPUT (M1-21-08),ROYLE (PA),2025-03-18,,False
RUDY KOVACHEVICH MD,HOUSE WEST (M1-21-2),MICH,2025-06-16,,False
ANDREW KAYE MD,LOPICCOLO (M1-11-69),ROYLE (PITT),2024-10-31,,False
ADAM KRAMER MD,HOUSE EAST (M1-21-0),PITT,2024-11-01,,False
RACHEL SCAFFARDI PA-C,HINK (M1-11-38),ROYLE (PA),2024-11-04,,False
STEPHEN HOFMEISTER DO,MUSSAT (M1-11-21),ROYLE (MI),2024-11-04,,False
DANIEL ANGELL DO,HOUSE WEST (M1-21-2),MICH,2024-12-03,,False
THOMAS BRODRICK MD,LIPUT (M1-21-08),ROYLE (PA),2024-11-06,,False
ANN VAN HERCK PT,LIPUT (M1-21-08),ROYLE (PA),2024-11-06,,False
BENJAMIN SMOLAR MD,HINK (M1-11-38),ROYLE (PA),2024-10-24,,False
EMILIO GALIS DPT,LOPICCOLO (M1-11-69),ROYLE (PITT),2024-11-07,,False
ARLIN PETERSON DPM,HOUSE WEST (M1-21-2),MICH,,,False
JESSICA GELFAND PA-C,HOUSE WEST (M1-21-2),MICH,2024-11-07,,False
BRIAN HATTEN MD !,LIPUT (M1-21-08),ROYLE (PA),,,False
JEFFREY HARRELL PA-C !,LIPUT (M1-21-08),ROYLE (PA),,,False
MYRNARIS CORDERO-DOMENECH DC,LIPUT (M1-21-08),ROYLE (PA),2024-11-08,,False
RAYMOND WEIAND DO,LIPUT (M1-21-08),ROYLE (PA),2024-11-08,,False
THOMAS HEMINGWAY MD,LIPUT (M1-21-08),ROYLE (PA),2024-11-11,,False
DANIEL COLLINS DPT,HINK (M1-11-38),ROYLE (PA),2024-11-11,,False
DAN MESKO DO,HOUSE WEST (M1-21-2),MICH,2024-11-18,,False
PAIGE SHANNON PA-C,LIPUT (M1-21-08),ROYLE (PA),2025-04-03,,False
ERIC YAKISH MD,LOPICCOLO (M1-11-69) / HOUSE EAST (M1-21-0),ROYLE (PITT),2026-07-02,,False
KIMBERLEY SMITH CRNP,LOPICCOLO (M1-11-69),ROYLE (PITT),2025-02-10,,False
MELISA CROSBY PT,LIPUT (M1-21-08),ROYLE (PA),2024-12-18,,False
CHELSIE LUCAS PA-C,LIPUT (M1-21-08),ROYLE (PA),2024-11-14,,False
LAWRENCE CEDILLO DO,HOUSE WEST (M1-21-2),MICH,2024-11-15,,False
REMI SOILE MD,HOUSE WEST (M1-21-2),MICH,2024-11-18,,False
BRITTANY DWYER NP,LOPICCOLO (M1-11-69),ROYLE (PITT),2024-12-13,,False
ANDREW C WALIGORA,LOPICCOLO (M1-11-69),ROYLE (PITT),,,False
MICHAEL DRISCOLL DO,LOPICCOLO (M1-11-69),ROYLE (PITT),2024-11-20,,False
BRITTANY GRAY PT,HOUSE WEST (M1-21-2),MICH,2024-11-20,,False
JIMMY BELLO PA-C *,CROSBY (M1-21-21),ROYLE (MD),,,True
ENIOLA ADEPOJU PA-C *,CROSBY (M1-21-21),ROYLE (MD),,,True
LINCOLN DOVER PA-C *,CROSBY (M1-21-21),ROYLE (MD),,,True
OLUBAYO OLDARA-FADARE MD *,CROSBY (M1-21-21),ROYLE (MD),2025-04-28,,True
ANUJ SHARMA DO,LIPUT (M1-21-08),ROYLE (PA),2024-11-18,,False
PATRICE DORISMOND KIESLING FNP-C,HOUSE WEST (M1-21-2),MICH,2025-01-14,,False
MELISSA GALVIN PA-C,LOPICCOLO (M1-11-69),ROYLE (PITT),2024-11-22,,False
JAMIE POWERS LETT DPT,HINK (M1-11-38),ROYLE (PA),2024-11-22,,False
JOHN JEFFREY RASCHBACHER MD,HOUSE WEST (M1-21-2),MICH,2024-11-22,,False
MARTINE MARINO PT,THAPA (M1-11-31) / HOUSE EAST (M1-21-0),ROYLE (PITT),,,False
TIMOTHY WEBB DPT,HOUSE WEST (M1-21-2),MICH,2025-08-29,,False
JOHN RODGERS MD (OAL),LIPUT (M1-21-08),ROYLE (PA),2026-08-03,,False
DOMINIC MARINO DO !,LIPUT (M1-21-08),ROYLE (PA),,,False
STEPHANE LAVOIE MD,LIPUT (M1-21-08),ROYLE (PA),2024-11-26,,False
KAI MCGREEVY MD,LIPUT (M1-21-08),ROYLE (PA),2025-04-23,,False
CAROL VORENKAMP-COOPER DO,HOUSE WEST (M1-21-2),MICH,2024-12-02,,False
KERRY HOWEY PA-C,HOUSE EAST (M1-21-0),PITT,2024-12-03,,False
IMEE ROSE RATERTA DPT,HOUSE WEST (M1-21-2),MICH,2024-12-03,,False
STEPHANIE TEOLIS PT,HINK (M1-11-38),ROYLE (PA),2025-01-31,,False
WILLIAM HAYDUK PA-C,CHRISTENSEN (M1-19-20),ZARNDT (IL),2025-12-09,,False
FRANK CUCE DO,JANERICH (M1-22-1) / SCHNEIDER (M1-11-3),ROYLE (PA),2026-01-19,,False
HARRISON MAHON MD,LIPUT (M1-21-08),ROYLE (PA),2024-12-04,,False
ISAAC PORTER PA-C,HOUSE EAST (M1-21-0),PITT,2024-12-04,,False
ROBERT PAUL SNYDER DO,LOPICCOLO (M1-11-69),ROYLE (PITT),2024-12-05,,False
ROBERT FREDERICK MD,LIPUT (M1-21-08),ROYLE (PA),2026-03-20,,False
JAMES LAPOLLA DPM,HINK (M1-11-38),ROYLE (PA),,,False
JONATHAN KLETTER PA-C,LIPUT (M1-21-08),ROYLE (PA),,,False
BRANDON SIMONETTA MD !,LIPUT (M1-21-08),ROYLE (PA),,,False
PHILIP KOEHLER DO,HOUSE EAST (M1-21-0),PITT,2025-01-16,,False
NATHANIEL KRUG ARNP,LIPUT (M1-21-08),ROYLE (PA),2024-12-06,,False
STEPHEN THOMAS MD *,LOPICCOLO (M1-11-69),ROYLE (PITT),2026-08-24,,True
PETER PHAM MD,LIPUT (M1-21-08),ROYLE (PA),2025-06-26,,False
MATTHEW MATHOS DO,LOPICCOLO (M1-11-69),ROYLE (PITT),2024-12-10,,False
CELESTE BOWMAN PT,LOPICCOLO (M1-11-69),ROYLE (PITT),2025-04-16,,False
MARK BIEDRZYCKI MD,HINK (M1-11-38),ROYLE (PA),2024-12-10,,False
NATACHA CHOUGH MD,ROYLE (M1-11),ROYLE (PITT),2024-12-10,,False
ZACHARY DUSCKAS MD,LOPICCOLO (M1-11-69),ROYLE (PITT),2025-06-03,,False
DAVID WOYDEN DPT,HOUSE EAST (M1-21-0),PITT,2024-12-17,,False
RYAN MCMILLEN DPM,HINK (M1-11-38),ROYLE (PA),,,False
STEPHANIE HARRIS APRN,LIPUT (M1-21-08),ROYLE (PA),2025-06-16,,False
STEVEN COHEN MD,LIPUT (M1-21-08),ROYLE (PA),2026-05-11,,False
BEN FARRAR DPT,LOPICCOLO (M1-11-69),ROYLE (PITT),2025-02-14,,False
RYAN RIDENOUR MD *,HINK (M1-11-38) / HOUSE EAST (M1-21-0),ROYLE (PITT),2025-10-22,,True
MATTHEW SANCHEZ DPT,LOPICCOLO (M1-11-69),ROYLE (PITT),2024-12-13,,False
THOMAS CENTI MD,HOUSE WEST (M1-21-2),MICH,2025-02-24,,False
ALEXANDER LAMPLEY MD,LIPUT (M1-21-08),ROYLE (PA),2025-06-04,,False
ALLAIN GIROUARD MD,LIPUT (M1-21-08),ROYLE (PA),2024-12-16,,False
CHRISTOPHER HENDERSON MD,JANERICH (M1-22-1),ROYLE (PA),2025-08-19,,False
DAMON COMBS DPM *,LOPICCOLO (M1-11-69),ROYLE (PITT),2026-08-25,,True
HOLLY SLATINSKY ARNP,LIPUT (M1-21-08),ROYLE (PA),2025-08-21,,False
DANIELLE COOK ARNP,LIPUT (M1-21-08),ROYLE (PA),2025-08-21,,False
JESSICA CROWELL APRN,LIPUT (M1-21-08),ROYLE (PA),2025-08-21,,False
LINDSEY LONDONO APRN,LIPUT (M1-21-08),ROYLE (PA),2025-05-01,,False
TERESA LORENZO ARNP,LIPUT (M1-21-08),ROYLE (PA),2025-03-27,,False
SOCHA (M1-23-24),HOUSE WEST (M1-21-2),MICH,2025-08-21,,False
BRAD BOND DPT,HOUSE WEST (M1-21-2),MICH,2025-04-02,,False
TIMOTHY LANIER APRN,LIPUT (M1-21-08),ROYLE (PA),2024-12-21,,False
DANIELLE MOLINA PA-C,LOPICCOLO (M1-11-69),ROYLE (PITT),2025-04-22,,False
JAMES T REDSHAW JR MD,LOPICCOLO (M1-11-69),ROYLE (PITT),2026-07-14,,False
TAYLOR DELARM FNP-C,LIPUT (M1-21-08),ROYLE (PA),2025-06-17,,False
DEREK WARD MD,HOUSE EAST (M1-21-0),PITT,2025-01-07,,False
MAAHIR HAQUE MD,LIPUT (M1-21-08),ROYLE (PA),2025-01-08,,False
MICHAEL MAHER MD,LOPICCOLO (M1-11-69),ROYLE (PITT),2026-02-18,,False
ANDREW GREEN DPM,LIPUT (M1-21-08),ROYLE (PA),2025-01-10,,False
ASHLEY TURUCZ NP,LIPUT (M1-21-08),ROYLE (PA),2025-01-09,,False
HUNTSINGER (M1-23),HUNTSINGER (M1-23),HUNTSINGER (IL),,,False
NATHAN WINEK MD,LOPICCOLO (M1-11-69),ROYLE (PITT),2025-09-25,,False
JOHN MILANICK MD,LIPUT (M1-21-08),ROYLE (PA),2025-05-21,,False
BRANDON BLANKEN DPM,CROSBY (M1-21-21),ROYLE (MD),2025-01-23,,False
MICHEL THIELEN PT,LIPUT (M1-21-08),ROYLE (PA),2025-01-22,,False
JESSICA JIMENEZ PA-C !,LIPUT (M1-21-08),ROYLE (PA),,,False
GABRIELA YURKANIN DPM,JANERICH (M1-22-1),ROYLE (PA),2025-06-11,,False
CARMEN PETRAGLIA MD *,HINK (M1-11-38) / HOUSE EAST (M1-21-0),ROYLE (PITT),2026-04-07,,True
SEBASTIAN RIVERA MD,LIPUT (M1-21-08),ROYLE (PA),2025-01-28,,False
CALEB ADAMS DPT,LIPUT (M1-21-08),ROYLE (PA),2025-01-29,,False
HEMANT PATEL DPM,HOUSE WEST (M1-21-2),MICH,2025-01-29,,False
JAGADEESHA SHETTY MD,LIPUT (M1-21-08),ROYLE (PA),2025-01-29,,False
DAVID REMIAS MD,LIPUT (M1-21-08),ROYLE (PA),2025-01-29,,False
NILDA AMADOR ARNP,LIPUT (M1-21-08),ROYLE (PA),2025-01-29,,False
ROBERT O'CONNOR MD,LIPUT (M1-21-08),ROYLE (PA),2025-01-29,,False
HARRY PREVATT PA-C,LIPUT (M1-21-08),ROYLE (PA),2025-01-29,,False
JENA SCHNEIDER DPT,HINK (M1-11-38),ROYLE (PA),2025-01-30,,False
KYLE JACKSON PA-C,LOPICCOLO (M1-11-69),ROYLE (PITT),2026-08-07,,False
ERIC JONES CRNP,HINK (M1-11-38) / HOUSE EAST (M1-21-0),ROYLE (PITT),2025-01-30,,False
KATARINA LIVELSBERGER DPT,CROSBY (M1-21-21),ROYLE (MD),2025-02-03,,False
JOSHUA HOLLINGER DPM,LIPUT (M1-21-08),ROYLE (PA),2026-04-16,,False
AHMED SALEH MD,LIPUT (M1-21-08),ROYLE (PA),2025-05-06,,False
SHENGGAO HAN MD,LOPICCOLO (M1-11-69),ROYLE (PITT),2026-02-24,,False
GEMMA VILLAPANDO ARNP,LIPUT (M1-21-08),ROYLE (PA),2025-04-03,,False
DEVONE MANSOUR DO,HOUSE WEST (M1-21-2),MICH,2025-02-27,,False
TYLER WATSON DO,LOPICCOLO (M1-11-69),ROYLE (PITT),2025-11-24,,False
DANIELLE JOHNSON APRN,LIPUT (M1-21-08),ROYLE (PA),2025-02-13,,False
CHRISTOPHER MATTHEWS MD !,LIPUT (M1-21-08),ROYLE (PA),,,False
BRUCE KAMMERMAN MD,LIPUT (M1-21-08),ROYLE (PA),2025-02-17,,False
BRIAN HAMLIN MD,HINK (M1-11-38),ROYLE (PA),2025-02-18,,False
JED MASLOW MD,HOUSE WEST (M1-21-2),MICH,2025-02-19,,False
ERIC TAYLOR PA-C,LIPUT (M1-21-08),ROYLE (PA),2025-02-20,,False
NATALIE SPANGLER DPT,HINK (M1-11-38),ROYLE (PA),2025-02-21,,False
JONATHAN RENNER MSPT,HOUSE WEST (M1-21-2),MICH,2025-03-04,,False
BRITTANY HERMAN PA-C,LOPICCOLO (M1-11-69),ROYLE (PITT),2026-07-02,,False
ALBERT GILLESPY MD !,LIPUT (M1-21-08),ROYLE (PA),,,False
RICHARD HAINER MD,HOUSE WEST (M1-21-2),MICH,2025-02-24,,False
JENNIFER SMITH PT,CROSBY (M1-21-21),ROYLE (MD),2025-02-25,,False
THOMAS MASTERS PT,HINK (M1-11-38),ROYLE (PA),2025-08-14,,False
PETER LASATER MD +,HOUSE WEST (M1-21-2),MICH,2026-05-27,,False
SABIN SHAH MD +,HOUSE WEST (M1-21-2),MICH,2026-07-22,,False
JENNIFER HOLT DO,LOPICCOLO (M1-11-69),ROYLE (PITT),2025-03-03,,False
MORGAN SIMKOVIC PT,THAPA (M1-11-31) / HINK (M1-11-38),ROYLE (PITT),2026-06-23,,False
KATIE HEIRD PT,CROSBY (M1-21-21),ROYLE (MD),2025-03-06,,False
JOHN CANALIZO MD !,LIPUT (M1-21-08),ROYLE (PA),,,False
SEAN GRIGGS MD,HOUSE WEST (M1-21-2),MICH,2025-03-11,,False
RANDAL ROBERT BOIVIN DC,LOPICCOLO (M1-11-69),ROYLE (PITT),2025-03-07,,False
KYRA FREY PA-C,LIPUT (M1-21-08),ROYLE (PA),2025-03-13,,False
MATTHEW EDWARDS PA-C,HOUSE WEST (M1-21-2),MICH,,,False
JEFFREY MARTIN MD !,LIPUT (M1-21-08),ROYLE (PA),,,False
ELTON MIRANDA ARNP !,LIPUT (M1-21-08),ROYLE (PA),,,False
RUSSELL ADAMS DO,HINK (M1-11-38),ROYLE (PA),2026-01-30,,False
SONJA GOLDBERG MPT,HOUSE EAST (M1-21-0),PITT,,,False
STEPHANIE KREPPS PT,HINK (M1-11-38),ROYLE (PA),2026-05-12,,False
TANIA SHIVA PT,HOUSE WEST (M1-21-2),MICH,2026-07-29,,False
LUCAS BRACERO MD,LOPICCOLO (M1-11-69),ROYLE (PITT),2026-07-06,,False
CHERYL LERCHIN MD,HOUSE WEST (M1-21-2),MICH,2025-03-19,,False
ROBERT MAYLE JR MD,HOUSE EAST (M1-21-0),PITT,2025-03-20,,False
DANIEL CLITES PT,HINK (M1-11-38),ROYLE (PA),2025-12-29,,False
SCOTT SILAS MD,LIPUT (M1-21-08),ROYLE (PA),2025-03-20,,False
ERIC BRITTON MD,HOUSE WEST (M1-21-2),MICH,2025-03-21,,False
JOSEPH LEONETTI DPM,HOUSE EAST (M1-21-0),PITT,2025-03-25,,False
KAITLIN HOLBEN PT,HINK (M1-11-38),ROYLE (PA),2026-08-24,,False
DAVID SZCZESNY DPT,HOUSE WEST (M1-21-2),MICH,2025-03-26,,False
ANDREW WESOLOWSKI ARNP,LIPUT (M1-21-08),ROYLE (PA),2025-06-05,,False
STEVEN WEBER DO,LIPUT (M1-21-08),ROYLE (PA),2025-03-27,,False
SELENA MACHIA PA-C,LIPUT (M1-21-08),ROYLE (PA),2025-02-05,,False
JAYSON SACK MD,LIPUT (M1-21-08),ROYLE (PA),2025-03-27,,False
PATRICK JONES MD,LIPUT (M1-21-08),ROYLE (PA),2025-05-03,,False
ALYSSA ACQUAVIVA PA-C,LOPICCOLO (M1-11-69) / HOUSE EAST (M1-21-0),ROYLE (PITT),2026-08-18,,False
MALLORY BOSCAN PA-C,THAPA (M1-11-31),ROYLE (PA),2026-08-06,,False
SIERRA MATHOS PA-C,LOPICCOLO (M1-11-69) / HOUSE EAST (M1-21-0),ROYLE (PITT),2026-02-26,,False
JEFFREY MATHENY MD *,CROSBY (M1-21-21) / HOUSE EAST (M1-21-0),ROYLE (PITT),2025-07-18,,True
ANDREW PADEN PT,HINK (M1-11-38),ROYLE (PA),2025-10-10,,False
KRIS ALDEN MD,HOUSE WEST (M1-21-2),MICH,2025-04-02,,False
JAMES BRESNAHAN MD,JANERICH (M1-22-1),ROYLE (PA),2025-04-02,,False
JANE MCMILLAN APRN,LIPUT (M1-21-08),ROYLE (PA),2025-06-05,,False
BRIAN NASH PA-C,LOPICCOLO (M1-11-69) / HOUSE EAST (M1-21-0),ROYLE (PITT),2025-04-07,,False
CHRISTY BEER NP (2),HOUSE EAST (M1-21-0),PITT,2025-04-09,,False
SANAR YOKHANA MD,HOUSE WEST (M1-21-2),MICH,2025-04-07,,False
JACOB KEETING DPT,LOPICCOLO (M1-11-69),ROYLE (PITT),2025-06-11,,False
LUCAS GREAVES OT,THAPA (M1-11-31) / HOUSE EAST (M1-21-0),ROYLE (PITT),2025-04-07,,False
SHEILA JANISCH NP,HOUSE EAST (M1-21-0),PITT,2025-07-30,,False
RANDY VANHULTEN OTR,HINK (M1-11-38),ROYLE (PA),2025-04-24,,False
SHAYE R MORROW DPT,HINK (M1-11-38),ROYLE (PA),2025-04-16,,False
CAMEKA CAMPBELL NP,LIPUT (M1-21-08),ROYLE (PA),2025-03-13,,False
BRIAN BRAITHWAITE MD,LIPUT (M1-21-08),ROYLE (PA),2025-04-15,,False
ERIC VILLARREAL MD !,LIPUT (M1-21-08),ROYLE (PA),,,False
ANDREW WROBLEWSKI MD,CROSBY (M1-21-21),ROYLE (MD),2025-07-08,,False
DUSTIN BROWN DPT,HINK (M1-11-38),ROYLE (PA),2025-04-21,,False
CRAIG DEAN DO,LIPUT (M1-21-08),ROYLE (PA),2025-04-18,,False
JAMES BRYAN MD !,LIPUT (M1-21-08),ROYLE (PA),,,False
RYAN PAGE PA-C *,CROSBY (M1-21-21),ROYLE (MD),2025-06-17,,True
AARON KOVACH DPT,THAPA (M1-11-31),ROYLE (PA),2026-07-23,,False
NATHANAEL BUNGARD DPT,LOPICCOLO (M1-11-69),ROYLE (PITT),2025-04-25,,False
CORTNEY YOXHEIMER NP,LOPICCOLO (M1-11-69),ROYLE (PITT),2026-04-21,,False
DAWN MCCRORY PT DPT,LOPICCOLO (M1-11-69),ROYLE (PITT),2025-10-10,,False
EMILY SCHULTZ PT DPT,THAPA (M1-11-31),ROYLE (PA),2025-12-08,,False
ADAM FAHS MD,HOUSE WEST (M1-21-2),MICH,2025-04-28,,False
CALVIN MARTIN MD,LIPUT (M1-21-08),ROYLE (PA),2025-04-14,,False
MICHAEL DIVELLA MD,HINK (M1-11-38),ROYLE (PA),2025-05-01,,False
RYAN HART DPT,THAPA (M1-11-31),ROYLE (PA),2026-07-23,,False
JUSTIN PETROLLA MD,HINK (M1-11-38),ROYLE (PA),,,False
DONALD CAMPBELL DO,HINK (M1-11-38),ROYLE (PA),2025-05-09,,False
RYANN BLUE CRNP,CROSBY (M1-21-21),ROYLE (MD),2025-05-12,,False
PHILLIP SHARPE PT,HOUSE WEST (M1-21-2),MICH,2026-02-12,,False
SARAH WITTMAN MD,LOPICCOLO (M1-11-69),ROYLE (PITT),2026-03-31,,False
NADIA SADEGHI DPM,LONG (M1-21-22),ZARNDT (IL),2026-05-28,,False
JAMES HILL CRNP,CROSBY (M1-21-21),ROYLE (MD),2025-11-13,,False
JAMES FROMMER DO,THAPA (M1-11-31),ROYLE (PA),2025-05-23,,False
BERT HEPNER DO,LOPICCOLO (M1-11-69),ROYLE (PITT),2025-05-29,,False
PHILIP STARR III DO,HINK (M1-11-38),ROYLE (PA),2025-05-29,,False
NICHOLAS HAMILTON PT,HINK (M1-11-38),ROYLE (PA),2026-08-06,,False
ALEXANDER DUKE DO *,THAPA (M1-11-31) / HOUSE EAST (M1-21-0),ROYLE (PITT),2025-12-02,,True
RICHARD SNYDER MD,LIPUT (M1-21-08),ROYLE (PA),2025-06-04,,False
MATTHEW CHRISTENSEN (IL),CHRISTENSEN (M1-19-20),ZARNDT (IL),,X,
MELISSA BISCHAK PA-C,HINK (M1-11-38),ROYLE (PA),2025-06-10,,False
MELISSA REDLINGER PA-C (AHN),HINK (M1-11-38),ROYLE (PA),2025-06-11,,False
DAVID SHOBER DO,HINK (M1-11-38),ROYLE (PA),2025-06-11,,False
ZACHARY ROGOZINSKI MD,LIPUT (M1-21-08),ROYLE (PA),2025-06-04,,False
PHILIP ST JULIEN DO,LOPICCOLO (M1-11-69),ROYLE (PITT),2026-06-06,,False
KRAIG GRAHAM MD,LOPICCOLO (M1-11-69),ROYLE (PITT),2025-06-16,,False
ALANNA CHAMPINE DPT,HOUSE WEST (M1-21-2),MICH,2025-06-17,,False
HOUSE WEST (M1-21-2),HOUSE WEST (M1-21-2),MICH,2026-08-26,,False
ROHAN VENIDA DO (AHN),LOPICCOLO (M1-11-69),ROYLE (PITT),2026-08-18,,False
GRACE LINK PA-C,LOPICCOLO (M1-11-69) / HOUSE EAST (M1-21-0),ROYLE (PITT),2025-12-18,,False
BRANDON TRIVAX DO,HOUSE WEST (M1-21-2),MICH,2025-06-19,,False
THOMAS MITCHELL MD,HINK (M1-11-38),ROYLE (PA),,,False
THIERRY DESIR PA-C,HOUSE WEST (M1-21-2),MICH,2025-06-24,,False
GABRIELLE BIGLEY PT,HINK (M1-11-38),ROYLE (PA),2025-06-19,,False
BRIAN NOWLEN PA-C (AHN) (1),LOPICCOLO (M1-11-69),ROYLE (PITT),,,False
JARRED HOLT DO (AHN),LOPICCOLO (M1-11-69) / HOUSE EAST (M1-21-0),ROYLE (PITT),,,True
BRIAN NOWLEN PA-C (AHN) (2),HINK (M1-11-38) / HOUSE EAST (M1-21-0),ROYLE (PITT),2025-06-26,,False
MURRAY OBANYE NP,CROSBY (M1-21-21),ROYLE (MD),2025-07-08,,False
BRANDON STAUB MD,HINK (M1-11-38),ROYLE (PA),2025-07-07,,False
ANDRADE-VICENTY (M1-11-25),ANDRADE-VICENTY (M1-11-25),ROYLE (PITT),,,False
MARK FREDRICK DC,CHRISTENSEN (M1-19-20),ZARNDT (IL),2026-08-12,,False
DAVID GARRAS MD,CHRISTENSEN (M1-19-20),ZARNDT (IL),2025-07-09,,False
RANDY LASUT JR. CRNP,LOPICCOLO (M1-11-69),ROYLE (PITT),2025-07-09,,False
JASON ROVAK DO,HOUSE WEST (M1-21-2),MICH,2025-07-11,,False
SARAH LITZINGER DPT,THAPA (M1-11-31) / HOUSE EAST (M1-21-0),ROYLE (PITT),2025-07-17,,False
BETH GROVE-SUPPOK OT,THAPA (M1-11-31),ROYLE (PA),2026-06-19,,False
AMANDA PINTER CRNP,HINK (M1-11-38),ROYLE (PA),2025-10-02,,False
LONG (M1-21-22),LONG (M1-21-22),ZARNDT (IL),2026-05-28,,False
SATHEESH RAMINENI MD,CROSBY (M1-21-21),ROYLE (MD),2025-07-21,,False
HOUSE WEST (M1-21-2),HOUSE WEST (M1-21-2),MICH,2026-08-26,,False
DAVID CARL DO,LOPICCOLO (M1-11-69),ROYLE (PITT),2026-03-13,,False
STEPHEN LEPAK CRNP,LOPICCOLO (M1-11-69),ROYLE (PITT),2026-03-26,,False
NICOLE JARRETT MD,THAPA (M1-11-31),ROYLE (PA),2025-07-18,,False
HANSEN (M1-21-7),HOUSE EAST (M1-21-0),PITT,2025-11-20,,False
LOUIS SANTANGELO DPM,MILLER (M1-21-4),ZARNDT (IL),2026-04-23,,False
TYSON SCHRICKEL MD,HINK (M1-11-38),ROYLE (PA),2025-07-15,,False
BERRY BYRD MD,HOUSE WEST (M1-21-2),MICH,2025-08-04,,False
TODD MINER MD,HOUSE WEST (M1-21-2),MICH,2025-08-07,,False
AURIELLE FANNING MD,HOUSE WEST (M1-21-2),MICH,2025-08-06,,False
ADAM KLEIN MD,HOUSE EAST (M1-21-0),PITT,2025-12-08,,False
JACOB USKAR DC,HINK (M1-11-38),ROYLE (PA),2025-08-11,,False
JAMES BUSCHBACH MD,CHRISTENSEN (M1-19-20),ZARNDT (IL),2025-08-13,,False
KEVIN GRANT MD,HOUSE WEST (M1-21-2),MICH,2025-08-13,,False
LINDSAY LEHMAN PT,LOPICCOLO (M1-11-69),ROYLE (PITT),2025-08-14,,False
FIRAS RAFATI DO,CHRISTENSEN (M1-19-20),ZARNDT (IL),2025-08-14,,False
ALEXANDER BIANCHI PA-C,HOUSE WEST (M1-21-2),MICH,2025-08-21,,False
FORREST ANDERSON MD,HOUSE WEST (M1-21-2),MICH,2025-12-01,,False
ALAN KLEIN MD,HOUSE WEST (M1-21-2),MICH,2025-08-15,,False
CARISSA ERENRICH PT,THAPA (M1-11-31),ROYLE (PA),2026-06-02,,False
NATHAN RIMMKE MD,HOUSE WEST (M1-21-2),MICH,2025-08-19,,False
DAVID TONNIES MD,HINK (M1-11-38),ROYLE (PA),2026-08-07,,False
HESS (M1-21-3),HESS (M1-21-3),JANNUZI (PITT),,,False
ONEIL DOHA MD,HOUSE WEST (M1-21-2),MICH,2025-08-21,,False
PAARTH CHOKSI DO,CHRISTENSEN (M1-19-20),ZARNDT (IL),2026-05-29,,False
REBECCA AIKEY PA-C,LOPICCOLO (M1-11-69),ROYLE (PITT),2025-09-03,,False
BRYAN LANTZ PA-C,HOUSE EAST (M1-21-0),PITT,2025-08-29,,False
NICOLE VOGINI DPT,THAPA (M1-11-31) / HOUSE EAST (M1-21-0),ROYLE (PITT),2025-08-29,,False
LADONNA RUSSELL FNP,CHRISTENSEN (M1-19-20),ZARNDT (IL),2025-09-03,,False
GREGORY PRIMUS MD,CHRISTENSEN (M1-19-20),ZARNDT (IL),2025-09-04,,False
EMMA TAORMINA PT,LOPICCOLO (M1-11-69),ROYLE (PITT),2025-09-05,,False
JOSHUA TRBOVICH PA-C,HINK (M1-11-38) / HOUSE EAST (M1-21-0),ROYLE (PITT),2026-07-13,,False
NATHAN ROMESBURG DPT,LOPICCOLO (M1-11-69),ROYLE (PITT),2025-10-17,,False
DAVID JACKSON MD,HOUSE WEST (M1-21-2),MICH,2025-09-09,,False
HENRY TONG MD,HOUSE WEST (M1-21-2),MICH,2025-09-15,,False
JACQUELYN MURPHY CNP,HOUSE WEST (M1-21-2),MICH,2025-09-15,,False
RICHARD ALBANESE PT,HINK (M1-11-38),ROYLE (PA),2026-08-12,,False
ALBERTO CABANTOG MD *,THAPA (M1-11-31),ROYLE (PA),,,True
DAVID POPE PA-C *,THAPA (M1-11-31),ROYLE (PA),,,True
GREG HITES DNP *,THAPA (M1-11-31),ROYLE (PA),,,True
LAUREN MCDANIEL CRNP *,THAPA (M1-11-31),ROYLE (PA),,,True
CHAD BURNS CRNP *,THAPA (M1-11-31),ROYLE (PA),,,True
ALICIA JENKINS CRNP *,THAPA (M1-11-31),ROYLE (PA),,,True
ADAM POWERS CRNP *,THAPA (M1-11-31),ROYLE (PA),,,True
LINDSAY LAHODA PA-C,JANERICH (M1-22-1),ROYLE (PA),2025-10-10,,False
RAMESH PARCHURI MD,LIPUT (M1-21-08),ROYLE (PA),2025-10-13,,False
LISA BRINKER NP,HOUSE WEST (M1-21-2),MICH,2025-09-15,,False
AMANDA CIMINO DO,HOUSE WEST (M1-21-2),MICH,2025-09-22,,False
JOHN BABER DO,THAPA (M1-11-31),ROYLE (PA),2026-04-01,,False
JACOB PUSKAR DC,HINK (M1-11-38),ROYLE (PA),2026-04-10,,False
ALEXIS GREGOR PA-C,LIPUT (M1-21-08),ROYLE (PA),2026-01-13,,False
JONATHAN GITTER MD,CROSBY (M1-21-21),ROYLE (MD),2025-09-26,,False
STEPHANIE ANN ANNARUMO-BAILEY FNP-C,LOPICCOLO (M1-11-69),ROYLE (PITT),2026-06-16,,False
ROWAN MAHMOUD DPM,LIPUT (M1-21-08),ROYLE (PA),2025-12-17,,False
BRIAN RUBY PA-C,THAPA (M1-11-31),ROYLE (PA),2026-02-17,,False
LESLIE BROWN FNP,LIPUT (M1-21-08),ROYLE (PA),2026-06-08,,False
STEWART (M1-11-26),STEWART (M1-11-26),ROYLE (PA),,,False
DAVID ESPARAZ MD,CHRISTENSEN (M1-19-20),ZARNDT (IL),2025-10-02,,False
MICHAEL TIMKO PT,LOPICCOLO (M1-11-69),ROYLE (PITT),2025-10-08,,False
CARLY RITCHIE MD,HOUSE WEST (M1-21-2),MICH,2025-10-07,,False
PAUL PATTERSON DO,THAPA (M1-11-31),ROYLE (PA),2025-10-09,,False
TIFFANY SMITH PT,THAPA (M1-11-31),ROYLE (PA),2026-07-01,,False
MORIBA MAGASSOUBA PA-C,CROSBY (M1-21-21),ROYLE (MD),2025-10-15,,False
HADDIS HAGOS MD,CROSBY (M1-21-21),ROYLE (MD),2026-04-02,,False
SUNNY SERIO FNP-C,LIPUT (M1-21-08),ROYLE (PA),2025-12-19,,False
THAPA (M1-11-31),THAPA (M1-11-31),ROYLE (PA),2026-08-26,,False
MARK EBERLE PT,LOPICCOLO (M1-11-69),ROYLE (PITT),2025-11-05,,False
KEVIN MONAHAN MD,LOPICCOLO (M1-11-69),ROYLE (PITT),2025-10-21,,False
JAMES NEMUNAITIS DO,LOPICCOLO (M1-11-69),ROYLE (PITT),2025-10-28,,False
MILLER (M1-21-4),MILLER (M1-21-4),ZARNDT (IL),2026-08-25,,False
CONCETTA MACURAK PA-C,LOPICCOLO (M1-11-69),ROYLE (PITT),2025-10-23,,False
CHRISTOPHER WILCOX DO,HOUSE WEST (M1-21-2),MICH,2025-10-23,,False
FAITH MANTY CNP,HOUSE WEST (M1-21-2),MICH,2025-10-23,,False
BRANDON YEROPOLI DPT,HINK (M1-11-38),ROYLE (PA),,,False
NATALIA SNYDER CRNP,LIPUT (M1-21-08),ROYLE (PA),2026-02-11,,False
KEVIN SCOTT BORCHARD MD,HOUSE WEST (M1-21-2),MICH,2025-10-27,,False
BRIAN STONE DO,LOPICCOLO (M1-11-69),ROYLE (PITT),2026-07-30,,False
STEVEN FINEBERG MD,CHRISTENSEN (M1-19-20),ZARNDT (IL),2025-10-29,,False
JENNIFER L RAQUET PA-C,LIPUT (M1-21-08),ROYLE (PA),2026-02-10,,False
CAITLIN LYNCH CRNP,LIPUT (M1-21-08),ROYLE (PA),2026-08-20,,False
PETER LAPEN DO,HOUSE WEST (M1-21-2),MICH,2025-10-31,,False
RYANN LEITH CRNP,CROSBY (M1-21-21),ROYLE (MD),2025-10-31,,False
MOHANNAD KUSTI MD,THAPA (M1-11-31),ROYLE (PA),2025-11-04,,False
JENNA SORIANO PA-C,LIPUT (M1-21-08),ROYLE (PA),2026-06-29,,False
CHRISTOPHER FLEISSNER DO,LOPICCOLO (M1-11-69),ROYLE (PITT),,,False
MAGGIE BORRELLI CRNP,HINK (M1-11-38),ROYLE (PA),2026-05-14,,False
MORGAN YURKOVICH PT,THAPA (M1-11-31),ROYLE (PA),2026-08-24,,False
ROSANNA A MUSTO SAWYER OT,LOPICCOLO (M1-11-69),ROYLE (PITT),2025-11-06,,False
MICHAEL STARACE DPT,LIPUT (M1-21-08),ROYLE (PA),2025-11-07,,False
DAVID REINHARDT DO,LIPUT (M1-21-08),ROYLE (PA),2025-11-06,,False
JULIO RODRIGUEZ JR. MD *,THAPA (M1-11-31),ROYLE (PA),2026-04-21,,True
JENNIFER MILLER PA-C,LOPICCOLO (M1-11-69),ROYLE (PITT),2025-11-13,,False
BRADLEY WILSON FNP,HOUSE WEST (M1-21-2),MICH,2025-11-13,,False
POOJAN PATEL PA-C,CHRISTENSEN (M1-19-20),ZARNDT (IL),2026-08-25,,False
STEPHEN SAMELSON MD,LOPICCOLO (M1-11-69),ROYLE (PITT),2025-11-14,,False
CHRISTA ALLEN CRNP,HINK (M1-11-38),ROYLE (PA),2026-08-10,,False
KATIE GROSS PA-C,LOPICCOLO (M1-11-69),ROYLE (PITT),2025-11-19,,False
DAWN AYOOB MPT,THAPA (M1-11-31),ROYLE (PA),2025-11-19,,False
JENNIFER LUNARDINI PT,THAPA (M1-11-31),ROYLE (PA),2025-12-30,,False
BRYAN HOOKS DO,HINK (M1-11-38),ROYLE (PA),2025-11-18,,False
LISA GUTTMAN APRN,HINK (M1-11-38),ROYLE (PA),2026-05-29,,False
MICHELLE ELLIS PT,HOUSE WEST (M1-21-2),MICH,2025-12-01,,False
ALICE BECKETT-RUMBERGER PT,LOPICCOLO (M1-11-69),ROYLE (PITT),2025-03-03,,False
SARAH CANNON PA-C,LIPUT (M1-21-08),ROYLE (PA),2026-04-08,,False
MARK BELL MD,JANERICH (M1-22-1),ROYLE (PA),2026-01-30,,False
JAMES MULLEN MD *,HINK (M1-11-38) / HOUSE EAST (M1-21-0),ROYLE (PITT),2026-08-10,,True
ROUTH (M1-21-5),ROUTH (M1-21-5),ZARNDT (IL),2025-12-02,,False
DAVID TSAI MD,ROUTH (M1-21-5),ZARNDT (IL),2025-12-02,,False
PAXTON CLARK DPT,HOUSE WEST (M1-21-2),MICH,2025-12-03,,False
BRIAN KLEE DPM,LIPUT (M1-21-08),ROYLE (PA),2025-12-04,,False
MICHELLE MORRISSEY DPM,LIPUT (M1-21-08),ROYLE (PA),2025-12-05,,False
THOMAS OBERMEYER MD,CHRISTENSEN (M1-19-20),ZARNDT (IL),2025-09-09,,False
KRISTI CURTIS PTA,HOUSE WEST (M1-21-2),MICH,2025-12-10,,False
DAVID GILBERT PA-C,CHRISTENSEN (M1-19-20),ZARNDT (IL),2025-12-10,,False
MELISSA SCALES CRNP,HINK (M1-11-38),ROYLE (PA),2025-12-10,,False
SUBY PANICHIKUDIYIL NP,CHRISTENSEN (M1-19-20),ZARNDT (IL),2025-12-12,,False
PARNEETA SINGH MD,LIPUT (M1-21-08),ROYLE (PA),2025-12-12,,False
HANNAH SCHETTLER PA-C,HINK (M1-11-38),ROYLE (PA),2026-08-06,,False
JAMES PAVELA MD MPH,HOUSE EAST (M1-21-0),PITT,2025-12-22,,False
ASHRAF DARWISH MD,MILLER (M1-21-4),ZARNDT (IL),2026-02-11,,False
GLORIA KIM PA-C,CHRISTENSEN (M1-19-20),ZARNDT (IL),2026-07-22,,False
ZACHARIA FACAROS DPM,LOPICCOLO (M1-11-69),ROYLE (PITT),2026-01-23,,False
SCHNEIDER (M1-11-3),SCHNEIDER (M1-11-3),ROYLE (PITT),2026-08-26,,False
ERIK PETERSON PT,HINK (M1-11-38),ROYLE (PA),2026-01-02,,False
RICHARD YOUNG DPM,THAPA (M1-11-31),ROYLE (PA),2026-01-06,,False
WENDY PATRONAS PA-C,THAPA (M1-11-31),ROYLE (PA),2026-06-04,,False
ROGER LICHTENBAUM MD,MILLER (M1-21-4),ZARNDT (IL),2026-01-09,,False
JUSTIN ARNER MD,HINK (M1-11-38),ROYLE (PA),2026-01-12,,False
STACIA JONES PA-C,CHRISTENSEN (M1-19-20),ZARNDT (IL),2026-08-18,,False
HAMDI KHILFEH MD,MILLER (M1-21-4),ZARNDT (IL),2026-01-13,,False
ZACHARY JOHNS DO,LOPICCOLO (M1-11-69),ROYLE (PITT),2026-06-24,,False
PHILLIP NIGRO MD,CHRISTENSEN (M1-19-20),ZARNDT (IL),2026-01-16,,False
STEVEN SCLAMBERG MD,CHRISTENSEN (M1-19-20),ZARNDT (IL),2026-01-20,,False
TOM CHAU PA-C,HOUSE WEST (M1-21-2),MICH,2026-01-20,,False
JASON RIVERA MD,HOUSE WEST (M1-21-2),MICH,2026-02-03,,False
RYON HENNESSY MD,MILLER (M1-21-4),ZARNDT (IL),2026-04-30,,False
YU CHIU MD,SCHNEIDER (M1-11-3),ROYLE (PITT),2026-08-24,,False
SHAKA WALKER MD,HINK (M1-11-38) / HOUSE EAST (M1-21-0),ROYLE (PITT),2026-01-23,,False
ALBERT LIN MD,HINK (M1-11-38),ROYLE (PA),2026-01-23,,False
JOANN RAPP PA-C,LOPICCOLO (M1-11-69),ROYLE (PITT),2026-01-23,,False
ZACHARIA FACAROS DPM,LOPICCOLO (M1-11-69),ROYLE (PITT),2026-01-23,,False
ERIC BOHN DO,LOPICCOLO (M1-11-69),ROYLE (PITT),2026-01-26,,False
IRMA PEREZ MD,CHRISTENSEN (M1-19-20),ZARNDT (IL),2026-01-29,,False
STEVEN EVANS DO,LIPUT (M1-21-08),ROYLE (PA),2026-01-29,,False
HORTENSE MBWENZE NGOE FNP,HOUSE WEST (M1-21-2),MICH,2026-01-30,,False
YEAREGO (M1-21-8),YEAREGO (M1-21-8),ZARNDT (IL),2026-08-26,,False
KYLE HOLMBERG DO,THAPA (M1-11-31) / HINK (M1-11-38),ROYLE (PITT),2026-08-26,,False
NEIL SINGH DO,HINK (M1-11-38),ROYLE (PA),2026-06-29,,False
MATTHEW COLMAN MD,MILLER (M1-21-4),ZARNDT (IL),2026-02-06,,False
ASHLEY CARY NP,HOUSE WEST (M1-21-2),MICH,2026-02-06,,False
TANIA SHIVA PT,HOUSE WEST (M1-21-2),MICH,2026-07-29,,False
CHRISTOPHER SCHUMACHER MD,LIPUT (M1-21-08),ROYLE (PA),2026-02-11,,False
DANIEL TROY MD,MILLER (M1-21-4),ZARNDT (IL),2026-05-27,,False
WONDWOSSEN ZENEBE MD,MILLER (M1-21-4),ZARNDT (IL),2026-02-11,,False
MATTHEW COSTA DO,LIPUT (M1-21-08),ROYLE (PA),2026-02-11,,False
JON FOSTER REID NP,MILLER (M1-21-4),ZARNDT (IL),2026-02-12,,False
ASHOK SATTY REDDY MD,LOPICCOLO (M1-11-69),ROYLE (PITT),2026-02-16,,False
WIN MYINT MD,CHRISTENSEN (M1-19-20),ZARNDT (IL),2026-02-18,,False
KAYLA MCGREGOR PA-C,THAPA (M1-11-31),ROYLE (PA),2026-05-12,,False
MENAR WAHOOD DO,MILLER (M1-21-4),ZARNDT (IL),2026-02-18,,False
NICOLE CURRAN PA-C,LOPICCOLO (M1-11-69),ROYLE (PITT),2026-02-18,,False
KEVIN CHINGYUN TU MD,MILLER (M1-21-4),ZARNDT (IL),2026-02-18,,False
TREVOR TOOLEY MD,HOUSE WEST (M1-21-2),MICH,2026-02-19,,False
VENKAT SESHADRI MD,CHRISTENSEN (M1-19-20),ZARNDT (IL),,,False
RICHARD LEVENBERG MD,LIPUT (M1-21-08),ROYLE (PA),2026-03-12,,False
LAURA COVERDALE DPT,LOPICCOLO (M1-11-69),ROYLE (PITT),2026-08-26,,False
PHILLIP GUILLEN MD,LOPICCOLO (M1-11-69),ROYLE (PITT),2026-02-23,,False
LAWRENCE HAN DPM,LOPICCOLO (M1-11-69),ROYLE (PITT),,,False
TESSA KRACINOVSKY PA-C,LOPICCOLO (M1-11-69),ROYLE (PITT),2026-07-10,,False
MISHA BRIERE DO,LIPUT (M1-21-08),ROYLE (PA),2026-08-19,,False
JUSTIN KYHOS MD,MILLER (M1-21-4),ZARNDT (IL),2026-02-26,,False
CHRISTOS GIANNOULIAS MD,MILLER (M1-21-4),ZARNDT (IL),2026-08-14,,False
SCOTT BARBOUR MD,CHRISTENSEN (M1-19-20),ZARNDT (IL),2026-02-27,,False
GONZALO SUMARRIVA MD,LIPUT (M1-21-08),ROYLE (PA),2026-08-11,,False
ANDREA YOUNG PA-C,LIPUT (M1-21-08),ROYLE (PA),2026-06-16,,False
DREW BRADY MD,LIPUT (M1-21-08),ROYLE (PA),2026-03-13,,False
WILLIAM FINN DPM,CHRISTENSEN (M1-19-20),ZARNDT (IL),2026-03-03,,False
JAMES GILBERT MD,CROSBY (M1-21-21),ROYLE (MD),2026-06-30,,False
BRYANT HO MD,CHRISTENSEN (M1-19-20),ZARNDT (IL),2026-03-09,,False
DANIEL BOHL MD,MILLER (M1-21-4),ZARNDT (IL),2026-03-11,,False
NADIM HALLAL MD,CROSBY (M1-21-21),ROYLE (MD),2026-03-11,,False
DEMETRIOS LOUIS MD,CHRISTENSEN (M1-19-20),ZARNDT (IL),2026-06-19,,False
RACHEL NOVICK DPM,LIPUT (M1-21-08),ROYLE (PA),2026-03-12,,False
SAVANNAH AANDERUD PA-C,LOPICCOLO (M1-11-69),ROYLE (PITT),2026-05-29,,False
TERRY MESSER MD,HINK (M1-11-38),ROYLE (PA),2026-03-06,,False
PEDRAM MOTAMEDI MD,LOPICCOLO (M1-11-69),ROYLE (PITT),2026-03-13,,False
DIANA FALTUSHANSKY MD,MILLER (M1-21-4),ZARNDT (IL),2026-03-17,,False
RICHARD MCKINNEY MD,LOPICCOLO (M1-11-69),ROYLE (PITT),2026-03-17,,False
YAW DONKOH MD,CHRISTENSEN (M1-19-20),ZARNDT (IL),2026-03-17,,False
ERIC LIU DO,LIPUT (M1-21-08),ROYLE (PA),2026-03-18,,False
RICHARD MITCHELL MD,THAPA (M1-11-31),ROYLE (PA),2026-08-24,,False
GEORGE BRANOVACKI MD,MILLER (M1-21-4),ZARNDT (IL),2026-03-18,,False
GABRIEL PAULIAN MD,LIPUT (M1-21-08),ROYLE (PA),2026-03-18,,False
CAMILLE JONNA DPT,YEAREGO (M1-21-8),ZARNDT (IL),2026-06-25,,False
MISS HALL DO,HOUSE WEST (M1-21-2),MICH,2026-03-19,,False
ADAM SANTORO DO,SCHNEIDER (M1-11-3),ROYLE (PITT),2026-07-31,,False
EMILY VASCONCELLES PA-C,MILLER (M1-21-4),ZARNDT (IL),2026-03-20,,False
MELISSA LITWIN NP,CHRISTENSEN (M1-19-20),ZARNDT (IL),2026-08-26,,False
ELIZABETH WILLIAMS DO,LOPICCOLO (M1-11-69),ROYLE (PITT),,,False
THOMAS POEPPING MD,MILLER (M1-21-4),ZARNDT (IL),2026-03-23,,False
CAITLIN BENNETT DPT,HOUSE WEST (M1-21-2),MICH,2026-03-25,,False
BRIAN PROPPE DPT,YEAREGO (M1-21-8),ZARNDT (IL),2026-03-26,,False
NIKHIL VERMA MD,MILLER (M1-21-4),ZARNDT (IL),2026-04-09,,False
ALYSON ENGLE MD,CHRISTENSEN (M1-19-20),ZARNDT (IL),2026-03-27,,False
MEGAN FLYNN MD,MILLER (M1-21-4),ZARNDT (IL),2026-03-27,,False
JONATHAN BIERY PA-C,HINK (M1-11-38),ROYLE (PA),1969-12-31,,False
WILLIAM YOUNG PT,HOUSE WEST (M1-21-2),MICH,2026-03-27,,False
SANJAY SHAH MD,LIPUT (M1-21-08),ROYLE (PA),2026-03-26,,False
AARON LOYNES PT,YEAREGO (M1-21-8),ZARNDT (IL),2026-03-27,,False
JODI SEFTCHICK OT,LIPUT (M1-21-08),ROYLE (PA),2026-03-31,,False
RICHARD PAUL GOODRICH JR DO,LOPICCOLO (M1-11-69),ROYLE (PITT),2026-03-16,,False
SHANE NHO MD (2),CHRISTENSEN (M1-19-20),ZARNDT (IL),2026-05-04,,False
JEFFREY TIOCO MD,CHRISTENSEN (M1-19-20),ZARNDT (IL),2026-04-23,,False
RICHARD BALOTTI MD,LIPUT (M1-21-08),ROYLE (PA),2026-03-31,,False
DAVID ZELOUF MD,LIPUT (M1-21-08),ROYLE (PA),2026-04-01,,False
RAVINDER SINGH MD *,LIPUT (M1-21-08),ROYLE (PA),2026-04-13,,True
CALEB CAMPBELL MD,LOPICCOLO (M1-11-69),ROYLE (PITT),2026-07-29,,False
CAMILLE JONNA DPT,YEAREGO (M1-21-8),ZARNDT (IL),2026-06-25,,False
THOMAS MUZZONIGRO MD,HINK (M1-11-38),ROYLE (PA),2026-04-02,,False
JANET ISAIAH DPM,LIPUT (M1-21-08),ROYLE (PA),2026-04-02,,False
NOAH KIRSHNER DPM,LOPICCOLO (M1-11-69),ROYLE (PITT),2026-08-05,,False
AARON LEE DO,MILLER (M1-21-4),ZARNDT (IL),2026-04-03,,False
MATTHEW KOWASH PA-C,LIPUT (M1-21-08),ROYLE (PA),2026-04-06,,False
FRANK STORER PT,YEAREGO (M1-21-8),ZARNDT (IL),2026-04-07,,False
DAVID TONNIES MD,HINK (M1-11-38),ROYLE (PA),2026-08-07,,False
PREETI SINGH NP,CHRISTENSEN (M1-19-20),ZARNDT (IL),2026-04-08,,False
JEFFREY LYNCH DO,SCHNEIDER (M1-11-3),ROYLE (PITT),2026-08-13,,False
UZAIR SYED MD,MILLER (M1-21-4),ZARNDT (IL),2026-04-09,,False
KAITLYN MELNICK MD,LIPUT (M1-21-08),ROYLE (PA),2026-04-06,,False
DARPAN SOHNI MD (AHN),HOUSE EAST (M1-21-0),PITT,2026-04-09,,False
RACHEL AIN MD,HOUSE WEST (M1-21-2),MICH,2026-04-09,,False
GRANT VENMAN DPT,HINK (M1-11-38),ROYLE (PA),2026-04-22,,False
SETH CALLAHAN PA-C,LIPUT (M1-21-08),ROYLE (PA),2026-04-09,,False
FINNBAR HIGGINS FNP-C,CHRISTENSEN (M1-19-20),ZARNDT (IL),2026-06-26,,False
SAMUEL MEASE MD,LIPUT (M1-21-08),ROYLE (PA),2026-04-14,,False
KEITH WELKER PA-C,MILLER (M1-21-4),ZARNDT (IL),2026-04-15,,False
GRANT GARRIGUES MD,MILLER (M1-21-4),ZARNDT (IL),2026-04-15,,False
GEORGE PAPPAS DO,MILLER (M1-21-4),ZARNDT (IL),2026-04-15,,False
SOPHIA RASOF MD,MILLER (M1-21-4),ZARNDT (IL),2026-04-16,,False
CRAIG RUBENSTEIN MD,LIPUT (M1-21-08),ROYLE (PA),2026-05-19,,False
KEVIN TU MD,MILLER (M1-21-4),ZARNDT (IL),2026-06-29,,False
TERA ADAMSON DPT,THAPA (M1-11-31),ROYLE (PA),2026-06-12,,False
RYAN PFEIFER DC,LIPUT (M1-21-08),ROYLE (PA),2026-04-17,,False
BRIAN FORSYTHE MD,MILLER (M1-21-4),ZARNDT (IL),2026-04-17,,False
ERICA ZUCCOLOTTO PT,LOPICCOLO (M1-11-69),ROYLE (PITT),2026-04-21,,False
RACHEL BALDINGER PA-C,LOPICCOLO (M1-11-69),ROYLE (PITT),2026-07-30,,False
BRENDAN MILLER PA-C,LOPICCOLO (M1-11-69),ROYLE (PITT),2026-04-23,,False
JEFFREY STEPAN MD,MILLER (M1-21-4),ZARNDT (IL),2026-04-21,,False
JESSICA KNISS DPT,THAPA (M1-11-31),ROYLE (PA),2026-08-07,,False
MARK STOLAR MD,MILLER (M1-21-4),ZARNDT (IL),2026-04-21,,False
SARAH MURPHY NP,LIPUT (M1-21-08),ROYLE (PA),2026-04-22,,False
CHRISTOS GIANNOULIAS MD,MILLER (M1-21-4),ZARNDT (IL),2026-08-14,,False
JACK KAZANJIAN DO,LIPUT (M1-21-08),ROYLE (PA),2026-08-26,,False
JONATHAN HOOK DPM,MILLER (M1-21-4),ZARNDT (IL),2026-04-24,,False
CHRISTOPHER SCOTTEN DPM,HOUSE WEST (M1-21-2),MICH,2026-04-28,,False
JOHNNY LIN MD,MILLER (M1-21-4),ZARNDT (IL),2026-04-29,,False
IRA MEYERS DPM,LIPUT (M1-21-08),ROYLE (PA),2026-04-29,,False
KIRSTYN URBAS DPM,SCHNEIDER (M1-11-3),ROYLE (PITT),2026-04-30,,False
MARY HEALEY OT,YEAREGO (M1-21-8),ZARNDT (IL),2026-04-30,,False
JAMES HANNA NP,CHRISTENSEN (M1-19-20),ZARNDT (IL),2026-05-01,,False
EDDIE WU DO,SCHNEIDER (M1-11-3),ROYLE (PITT),2026-04-09,,False
AMINA MOUSSA PA-C,LIPUT (M1-21-08),ROYLE (PA),2026-06-08,,False
ISAIAH LEVY MD,LIPUT (M1-21-08),ROYLE (PA),2026-07-30,,False
STEPHANIE ATOYEBI DPM,CHRISTENSEN (M1-19-20),ZARNDT (IL),2026-08-20,,False
CHANDRA REDDY MD,SCHNEIDER (M1-11-3),ROYLE (PITT),2026-05-01,,False
JENNIFER SEIFERT DPM,SCHNEIDER (M1-11-3),ROYLE (PITT),2026-05-06,,False
JENNIFER YANG PA-C,MILLER (M1-21-4),ZARNDT (IL),2026-05-06,,False
NIMESH SETH PT,YEAREGO (M1-21-8),ZARNDT (IL),2026-08-03,,False
KELSY SHOAP PA-C,LIPUT (M1-21-08),ROYLE (PA),2026-05-06,,False
ARASH SAYARI MD (1),CHRISTENSEN (M1-19-20),ZARNDT (IL),,,False
SRINIVASU KUSUMA MD,CHRISTENSEN (M1-19-20),ZARNDT (IL),2026-06-08,,False
RYAN HARRELL DO,HINK (M1-11-38),ROYLE (PA),2026-07-13,,False
XUYANG SONG MD,MILLER (M1-21-4),ZARNDT (IL),2026-05-08,,False
JEFFREY WATTS DO,HINK (M1-11-38),ROYLE (PA),2026-05-10,,False
MARISSA CUPP PA-C,HINK (M1-11-38),ROYLE (PA),2026-05-11,,False
GREGORY SCHROEDER MD,SCHNEIDER (M1-11-3),ROYLE (PITT),2026-05-11,,False
ALI CHAMI DPM,YEAREGO (M1-21-8),ZARNDT (IL),2026-05-12,,False
IAN OSBURN MD,HINK (M1-11-38),ROYLE (PA),2026-08-10,,False
RACHEL DEARTH PA-C,HOUSE EAST (M1-21-0),PITT,2026-05-12,,False
CHANTE CARROLL NP,CROSBY (M1-21-21),ROYLE (MD),2026-08-12,,False
RACHEL FJERSTAD DPT,YEAREGO (M1-21-8),ZARNDT (IL),2026-05-13,,False
SHANE NHO MD (1),MILLER (M1-21-4),ZARNDT (IL),2026-04-09,,False
TYLER PRATTE DO,HINK (M1-11-38),ROYLE (PA),2026-07-16,,False
STEVEN CHUDIK MD,MILLER (M1-21-4),ZARNDT (IL),2026-05-15,,False
ANITHA KANDASWAMY MD,CROSBY (M1-21-21),ROYLE (MD),2026-05-18,,False
CAROLYN BETTAG PA-C,LOPICCOLO (M1-11-69),ROYLE (PITT),2026-08-24,,False
LAUREN ZIEGLER PA-C,LIPUT (M1-21-08),ROYLE (PA),2026-05-18,,False
MELISSA DAUL OT,YEAREGO (M1-21-8),ZARNDT (IL),2026-05-18,,False
TYLER SULLIVAN PA-C,LIPUT (M1-21-08),ROYLE (PA),2026-05-19,,False
JOHN PASQUELLA DO,SCHNEIDER (M1-11-3),ROYLE (PITT),2026-05-15,,False
VALERIE DODDS CNP,HINK (M1-11-38),ROYLE (PA),2026-08-10,,False
EVAN ARGINTAR MD,CROSBY (M1-21-21),ROYLE (MD),2026-08-21,,False
SANJAY PATARI MD,MILLER (M1-21-4),ZARNDT (IL),2026-07-21,,False
GLENN LIPTON MD,LIPUT (M1-21-08),ROYLE (PA),2026-05-22,,False
HANNA HASSAN DPT,MILLER (M1-21-4),ZARNDT (IL),2026-05-22,,False
WEDNESDAY HALL MD +,HOUSE WEST (M1-21-2),MICH,2026-05-29,,False
JEFFREY MURRAY MD,MILLER (M1-21-4),ZARNDT (IL),2026-05-29,,False
ANTHONY MUSTOVICH DO,HINK (M1-11-38),ROYLE (PA),2026-05-29,,False
JEFFREY CARROLL DO,HOUSE WEST (M1-21-2),MICH,2026-06-02,,False
LINDSAY LOUISE GRAHAM DO,HINK (M1-11-38),ROYLE (PA),,,False
KEVIN DUNNE MD,MILLER (M1-21-4),ZARNDT (IL),2026-06-04,,False
NEEMA BAYRAN MD,MILLER (M1-21-4),ZARNDT (IL),2026-06-04,,False
JESSICA CHURCHILL MD,HOUSE WEST (M1-21-2),MICH,2026-06-06,,False
ALYSSA KORTH OTR,YEAREGO (M1-21-8),ZARNDT (IL),2026-06-09,,False
ROBERT METZLER MD,MILLER (M1-21-4),ZARNDT (IL),2026-06-10,,False
KEVIN CHEN MD,MILLER (M1-21-4),ZARNDT (IL),2026-06-12,,False
GRIGORY GERSHKOVICH MD,SCHNEIDER (M1-11-3),ROYLE (PITT),2026-06-12,,False
CHRISTINA CHAMAKALA PA-C,MILLER (M1-21-4),ZARNDT (IL),2026-06-15,,False
ANTHONY GEMAYEL DO,HOUSE WEST (M1-21-2),MICH,2026-06-15,,False
BRANDON KUNZ DPM,CHRISTENSEN (M1-19-20),ZARNDT (IL),2026-06-16,,False
ITAI GANS MD,SCHNEIDER (M1-11-3),ROYLE (PITT),2026-07-17,,False
JASON KO MD,MILLER (M1-21-4),ZARNDT (IL),2026-06-19,,False
JORGE CHAHLA MD (1),CHRISTENSEN (M1-19-20),ZARNDT (IL),,,False
JOHN WATSON MD,MILLER (M1-21-4),ZARNDT (IL),2026-06-22,,False
EUGENE ELIA MD,LIPUT (M1-21-08),ROYLE (PA),2026-08-18,,False
KEVIN FRITZ MD,LOPICCOLO (M1-11-69),ROYLE (PITT),2026-06-22,,False
ZACHARY HAUSER MD,LIPUT (M1-21-08),ROYLE (PA),2026-08-14,,False
MATTHEW DRAKELY MD,LOPICCOLO (M1-11-69),ROYLE (PITT),2026-06-23,,False
ASSEM ELFAKIH MD,YEAREGO (M1-21-8),ZARNDT (IL),2026-06-23,,False
VISHAL SAXENA MD,LIPUT (M1-21-08),ROYLE (PA),2026-06-09,,False
SIMON LEE MD,MILLER (M1-21-4),ZARNDT (IL),2026-06-25,,False
TAIZOON BAXAMUSA MD,MILLER (M1-21-4),ZARNDT (IL),2026-06-25,,False
NICHOLAS AYRES DPT,YEAREGO (M1-21-8),ZARNDT (IL),2026-06-25,,False
MARY KAITLYN COOMBS OT,YEAREGO (M1-21-8),ZARNDT (IL),2026-07-23,,False
GAYATRI JOSHI PT,YEAREGO (M1-21-8),ZARNDT (IL),2026-07-06,,False
HORST GRIESSER MD,YEAREGO (M1-21-8),ZARNDT (IL),2026-06-26,,False
BRADY BISCORNER DPM,SCHNEIDER (M1-11-3),ROYLE (PITT),2026-06-25,,False
EMILY YANIZ PA-C,MILLER (M1-21-4),ZARNDT (IL),2026-06-26,,False
ANDREW RITTING MD,LIPUT (M1-21-08),ROYLE (PA),2026-06-26,,False
KAREN LEONCIO OT,YEAREGO (M1-21-8),ZARNDT (IL),2026-06-29,,False
JORGE CHAHLA MD (2),MILLER (M1-21-4),ZARNDT (IL),2026-07-20,,False
VINCENT DISABELLA DO,SCHNEIDER (M1-11-3),ROYLE (PITT),2026-06-17,,False
TODD FRUSH MD,YEAREGO (M1-21-8),ZARNDT (IL),2026-08-13,,False
PAUL SEDACCA MD,LIPUT (M1-21-08),ROYLE (PA),2026-06-09,,False
ISABEL ROJAS DPM,MILLER (M1-21-4),ZARNDT (IL),2026-07-01,,False
"ANNA YEGLINSKI PT, DPT",YEAREGO (M1-21-8),ZARNDT (IL),2026-07-02,,False
REBEKA HADCHITI DPT,YEAREGO (M1-21-8),ZARNDT (IL),2026-07-23,,False
MARK ERNST TANTORSKI DO,SCHNEIDER (M1-11-3),ROYLE (PITT),2026-07-02,,False
MATT EL-KADI MD,HINK (M1-11-38),ROYLE (PA),,,False
COREY PACEK MD,HINK (M1-11-38),ROYLE (PA),2026-07-28,,False
JAMES MCGLYNN MD,SCHNEIDER (M1-11-3),ROYLE (PITT),2026-07-08,,False
TAMRA LEWIS MD,MILLER (M1-21-4),ZARNDT (IL),2026-07-09,,False
DOUGLAS PALMA MD,SCHNEIDER (M1-11-3),ROYLE (PITT),2026-07-02,,False
JULIA HAYS PA-C,MILLER (M1-21-4),ZARNDT (IL),2026-07-10,,False
RACHEL DONALDSON PA-C,MILLER (M1-21-4),ZARNDT (IL),2026-07-20,,False
NESTOR TOMYCZ MD,HINK (M1-11-38),ROYLE (PA),2026-07-13,,False
ADAM SCHIFF MD,MILLER (M1-21-4),ZARNDT (IL),2026-07-13,,False
STEVEN CHANDLER DO (2),MILLER (M1-21-4),ZARNDT (IL),2026-08-18,,False
MAYELA BEATRIZ LEAL CHANCHI MD,MILLER (M1-21-4),ZARNDT (IL),2026-07-14,,False
HUSAM ALI MD,CHRISTENSEN (M1-19-20),ZARNDT (IL),2026-08-20,,False
CHIU YUEN DO,YEAREGO (M1-21-8),ZARNDT (IL),2026-06-23,,False
SHARON KOUVARAS PA-C *,LOPICCOLO (M1-11-69),ROYLE (PITT),2026-07-16,,True
SUMIT JAIN MD,MILLER (M1-21-4),ZARNDT (IL),2026-07-16,,False
SARA WIERZBICKI PA-C,YEAREGO (M1-21-8),ZARNDT (IL),2026-07-16,,False
ALEX SHELTZER DPM,LIPUT (M1-21-08),ROYLE (PA),2026-07-17,,False
PAN YEUNG FNP,SCHNEIDER (M1-11-3),ROYLE (PITT),2026-07-17,,False
AMAR KURJAKOVIC PA-C,YEAREGO (M1-21-8),ZARNDT (IL),2026-07-20,,False
YILING RAN PT,YEAREGO (M1-21-8),ZARNDT (IL),2026-07-22,,False
ROBERT PIKAL MD,HOUSE WEST (M1-21-2),MICH,2026-06-11,,False
NICHOLAS QUERCETTI III DO,SCHNEIDER (M1-11-3),ROYLE (PITT),2026-07-21,,False
SAPAN SHAH MD,MILLER (M1-21-4),ZARNDT (IL),2026-08-20,,False
JOSHUA ROBIN NP,MILLER (M1-21-4),ZARNDT (IL),2026-07-21,,False
FANTA SCHWARZ FNP,SCHNEIDER (M1-11-3),ROYLE (PITT),2026-07-21,,False
DANA REINHARD DPT,YEAREGO (M1-21-8),ZARNDT (IL),2026-07-22,,False
JESSICA BERGER PA-C,CHRISTENSEN (M1-19-20),ZARNDT (IL),2026-07-23,,False
JENNIFER GNEGY PT,THAPA (M1-11-31),ROYLE (PA),2026-07-23,,False
ARJUNA CUDDEBACK DO,HOUSE WEST (M1-21-2),MICH,2026-07-23,,False
ZACHARY RUMMEL DPT,THAPA (M1-11-31),ROYLE (PA),2026-07-23,,False
SARAH SHAMOON PT,YEAREGO (M1-21-8),ZARNDT (IL),2026-07-24,,False
DAVID RAAB DO,SCHNEIDER (M1-11-3),ROYLE (PITT),2026-08-12,,False
ARASH SAYARI MD (2),MILLER (M1-21-4),ZARNDT (IL),2026-07-27,,False
TOM STANLEY MD,MILLER (M1-21-4),ZARNDT (IL),2026-07-01,,False
VINCENT SILVAGGIO MD,THAPA (M1-11-31),ROYLE (PA),,,False
RYAN HIJAZI DO,YEAREGO (M1-21-8),ZARNDT (IL),2026-08-10,,False
JOSHUA M ALPERT MD,MILLER (M1-21-4),ZARNDT (IL),2026-07-29,,False
DONNA EGET DO,LIPUT (M1-21-08) / JANERICH (M1-22-1),ROYLE (PA),2026-07-29,,False
MIKAELA BRUTICO PA-C,LIPUT (M1-21-08),ROYLE (PA),2026-07-30,,False
ALEKSANDR GOLDVEKHT MD,MILLER (M1-21-4),ZARNDT (IL),2026-07-30,,False
ROBERT NORTON DPM,LIPUT (M1-21-08),ROYLE (PA),2026-07-31,,False
DANNY AKL MD,MILLER (M1-21-4),ZARNDT (IL),2026-07-31,,False
OWEN BARMADA PA-C,MILLER (M1-21-4),ZARNDT (IL),2026-07-31,,False
SCOTT GLASER MD,MILLER (M1-21-4),ZARNDT (IL),2026-07-31,,False
CHRISTOPHER A RADKOWSKI MD,THAPA (M1-11-31),ROYLE (PA),,,False
RYAN SIWIEC DO,YEAREGO (M1-21-8),ZARNDT (IL),,,False
JONATHAN WANG MD,MILLER (M1-21-4),ZARNDT (IL),2026-08-04,,False
MICHAEL REDONDO MD,CHRISTENSEN (M1-19-20),ZARNDT (IL),2026-08-05,,False
ALAN LEAGUE MD,MILLER (M1-21-4),ZARNDT (IL),2026-08-06,,False
ELIZABETH MARIE DAMIANO DPT,LOPICCOLO (M1-11-69),ROYLE (PITT),2026-07-28,,False
DORIN DEITCH DO,YEAREGO (M1-21-8),ZARNDT (IL),2026-08-10,,False
ANTHONY SAVINO MD,MILLER (M1-21-4),ZARNDT (IL),2026-08-11,,False
OLIVIA CIESLAR DPT,SCHNEIDER (M1-11-3),ROYLE (PITT),2026-08-12,,False
LARRY CHOU MD,LIPUT (M1-21-08),ROYLE (PA),2026-08-11,,False
ALA SHUKER MD,YEAREGO (M1-21-8),ZARNDT (IL),2026-08-11,,False
HECTOR SALCEDO MD,MILLER (M1-21-4),ZARNDT (IL),2026-08-12,,False
MUHAMMED SHAMIM DPM,YEAREGO (M1-21-8),ZARNDT (IL),2026-08-24,,False
JACOB LUTHER MD,MILLER (M1-21-4),ZARNDT (IL),2026-08-13,,False
MARC BRESLOW MD,MILLER (M1-21-4),ZARNDT (IL),2026-08-13,,False
JOSHUA WRIGHT-CHISEM MD,MILLER (M1-21-4),ZARNDT (IL),2026-08-13,,False
ARRION SHELTON NP,MILLER (M1-21-4),ZARNDT (IL),2026-08-13,,False
DEIDRE SEILER CRNP,HINK (M1-11-38),ROYLE (PA),2026-08-13,,False
HANISH SINGH MD,YEAREGO (M1-21-8),ZARNDT (IL),2026-08-14,,False
IAN SAXER PA-C,HINK (M1-11-38),ROYLE (PA),2026-08-24,,False
ROMAN A KINAL PT,YEAREGO (M1-21-8),ZARNDT (IL),2026-08-20,,False
JAY SHAH DO,CHRISTENSEN (M1-19-20),ZARNDT (IL),2026-08-19,,False
DRAGAN GASTEVSKI MD,MILLER (M1-21-4),ZARNDT (IL),2026-08-20,,False
STEVEN KUSHNER DO,YEAREGO (M1-21-8),ZARNDT (IL),2026-08-20,,False
KHALID ODEH MD,YEAREGO (M1-21-8),ZARNDT (IL),2026-08-20,,False
DAVID PETERS MD,YEAREGO (M1-21-8),ZARNDT (IL),2026-08-20,,False
AMY CONNOLLY PA-C,YEAREGO (M1-21-8),ZARNDT (IL),2026-08-21,,False
NICOLE LUNDY CRNP,LIPUT (M1-21-08),ROYLE (PA),2026-08-20,,False
SVETLANA ROTT CRNP,LIPUT (M1-21-08),ROYLE (PA),2026-08-24,,False
NICHOLAS WEBER DO,MILLER (M1-21-4),ZARNDT (IL),2026-08-25,,False
DALIP PELINKOVIC MD,MILLER (M1-21-4),ZARNDT (IL),2026-08-25,,False
EMILY GERGELY PA-C,THAPA (M1-11-31),ROYLE (PA),,,False
LOUIS RADDEN DO,YEAREGO (M1-21-8),ZARNDT (IL),2026-08-26,,False
ATIQ REHMAN MD,CHRISTENSEN (M1-19-20),ZARNDT (IL),,,False
WISAM GEORGE DO,YEAREGO (M1-21-8),ZARNDT (IL),,,False
SHERI WANG MD,HINK (M1-11-38),ROYLE (PA),,,False
HEATHER STANLEY DPT,YEAREGO (M1-21-8),ZARNDT (IL),,,False
